trap_id,code,line_id,trap_number,project_id,cat_trap,inactive,sponsor_id,trap_type_id,to_be_replaced,to_be_maintained,name,latitude,longitude
3688, FRKAT01 ,125,818,1,NULL,NULL,NULL,11,NULL,NULL,NULL,,
3689, FRKAT02,125,819,1,NULL,NULL,NULL,11,NULL,NULL,NULL,,
3699,AC1,193,1,1,NULL,NULL,NULL,NULL,NULL,NULL,NULL,,
3700,AC2,193,2,1,NULL,NULL,NULL,NULL,NULL,NULL,NULL,,
3701,AC3,193,3,1,NULL,NULL,NULL,NULL,NULL,NULL,NULL,,
3702,AC4,193,4,1,NULL,NULL,NULL,NULL,NULL,NULL,NULL,,
3703,AC5,193,5,1,NULL,NULL,NULL,NULL,NULL,NULL,NULL,,
482,AP01,20,343,1,NULL,NULL,NULL,2,NULL,NULL,NULL,-37.974515,177.019872
483,AP02,20,344,1,NULL,NULL,NULL,1,NULL,NULL,NULL,-37.975195,177.019542
484,AP03,20,345,1,NULL,NULL,NULL,2,NULL,NULL,NULL,-37.975784,177.018763
485,AP04,20,346,1,NULL,NULL,NULL,1,NULL,NULL,NULL,-37.976455,177.01806
486,AP05,20,347,1,NULL,NULL,NULL,1,NULL,NULL,NULL,-37.977261,177.017514
487,AP06,20,348,1,NULL,NULL,NULL,1,NULL,NULL,NULL,-37.978008,177.017593
488,AP07,20,349,1,NULL,NULL,NULL,1,NULL,NULL,NULL,-37.978668,177.018086
489,AP08,20,350,1,NULL,NULL,1021,1,NULL,NULL,NULL,-37.979374,177.017604
490,AP09,20,351,1,NULL,NULL,NULL,1,NULL,NULL,NULL,-37.979918,177.016777
491,AP10,20,352,1,NULL,NULL,NULL,1,NULL,NULL,NULL,-37.980427,177.017016
492,AP11,20,353,1,NULL,NULL,NULL,1,NULL,NULL,NULL,-37.981267,177.017466
493,AP12,20,354,1,NULL,NULL,NULL,1,NULL,NULL,NULL,-37.982166,177.01735
494,AP13,20,355,1,NULL,NULL,NULL,1,NULL,NULL,NULL,-37.983021,177.017654
495,AP14,20,356,1,NULL,NULL,NULL,1,NULL,NULL,NULL,-37.983905,177.017769
496,AP15,20,357,1,NULL,NULL,NULL,1,NULL,NULL,NULL,-37.984555,177.017266
497,AP16,20,358,1,NULL,NULL,NULL,1,NULL,NULL,NULL,-37.984942,177.016182
498,AP17,20,359,1,NULL,NULL,NULL,1,NULL,NULL,NULL,-37.985735,177.016029
499,AP18,20,360,1,NULL,NULL,NULL,1,NULL,NULL,NULL,-37.986214,177.016743
500,AP19,20,361,1,NULL,NULL,NULL,1,NULL,NULL,NULL,-37.986697,177.017167
501,AP20,20,362,1,NULL,NULL,NULL,1,NULL,NULL,NULL,-37.988427,177.017316
421,AP21,20,372,1,NULL,NULL,NULL,2,NULL,NULL,NULL,-37.989424,177.017163
420,AP22,20,371,1,NULL,NULL,NULL,2,NULL,NULL,NULL,-37.990279,177.017448
419,AP23,20,370,1,NULL,NULL,NULL,2,NULL,NULL,NULL,-37.990799,177.017663
418,AP24,20,369,1,NULL,NULL,NULL,2,NULL,NULL,NULL,-37.991574,177.017334
417,AP25,20,368,1,NULL,NULL,NULL,2,NULL,NULL,NULL,-37.992094,177.018148
416,AP26,20,367,1,NULL,NULL,NULL,2,NULL,NULL,NULL,-37.992293,177.01909
415,AP27,20,366,1,NULL,NULL,NULL,2,NULL,NULL,NULL,-37.993255,177.019589
414,AP28,20,365,1,NULL,NULL,NULL,2,NULL,NULL,NULL,-37.994057,177.019222
413,AP29,20,364,1,NULL,NULL,NULL,2,NULL,NULL,NULL,-37.995287,177.019144
412,AP30,20,363,1,NULL,NULL,NULL,2,NULL,NULL,NULL,-37.996329,177.019055
318,AP31,192,373,1,NULL,NULL,NULL,2,NULL,NULL,NULL,-37.99713,177.019655
3753,AP31a,192,372,1,NULL,NULL,NULL,NULL,NULL,NULL,NULL,,
319,AP32,192,374,1,NULL,NULL,NULL,2,NULL,NULL,NULL,-37.997939,177.01952
320,AP33,192,375,1,NULL,NULL,NULL,2,NULL,NULL,NULL,-37.999624,177.018537
321,AP34,192,376,1,NULL,NULL,NULL,2,NULL,NULL,NULL,-38.001461,177.018061
322,AP35,192,377,1,NULL,NULL,NULL,2,NULL,NULL,NULL,-38.00198,177.01877
323,AP36,192,378,1,NULL,NULL,NULL,2,NULL,NULL,NULL,-38.003048,177.018846
324,AP37,192,379,1,NULL,NULL,NULL,2,NULL,NULL,NULL,-38.003862,177.020144
982,AY01,64,689,1,NULL,NULL,NULL,1,NULL,NULL,NULL,,
983,AY02,64,690,1,NULL,NULL,NULL,1,NULL,NULL,NULL,,
984,AY03,64,691,1,NULL,NULL,NULL,1,NULL,NULL,NULL,,
985,AY04,64,692,1,NULL,NULL,NULL,1,NULL,NULL,NULL,,
986,AY05,64,693,1,NULL,NULL,NULL,1,NULL,NULL,NULL,,
987,AY06,64,694,1,NULL,NULL,NULL,1,NULL,NULL,NULL,,
3302,B1,180,1,1,NULL,NULL,NULL,NULL,NULL,NULL,NULL,-37.94097874,177.0144356
3303,B2,180,2,1,NULL,NULL,NULL,NULL,NULL,NULL,NULL,-37.94059098,177.0160295
3304,B3,180,3,1,NULL,NULL,NULL,NULL,NULL,NULL,NULL,-37.94038134,177.0171555
3305,B4,180,4,1,NULL,NULL,NULL,NULL,NULL,NULL,NULL,-37.94127512,177.0163057
3306,B5,180,5,1,NULL,NULL,NULL,NULL,NULL,NULL,NULL,-37.94157828,177.0171866
3307,B6,180,6,1,NULL,NULL,NULL,NULL,NULL,NULL,NULL,-37.94151475,177.0179907
3308,B7,180,7,1,NULL,NULL,NULL,NULL,NULL,NULL,NULL,-37.94222314,177.0183478
345,BA01,7,124,1,NULL,NULL,NULL,1,NULL,NULL,NULL,,
346,BA02,7,125,1,NULL,NULL,NULL,1,NULL,NULL,NULL,,
347,BA03,7,126,1,NULL,NULL,NULL,1,NULL,NULL,NULL,,
348,BA04,7,127,1,NULL,NULL,NULL,1,NULL,NULL,NULL,,
349,BA05,7,128,1,NULL,NULL,NULL,1,NULL,NULL,NULL,,
351,BA06,7,129,1,NULL,NULL,NULL,1,NULL,NULL,NULL,,
302,BB01,5,90,1,NULL,NULL,NULL,2,NULL,NULL,NULL,-37.991217,177.012824
303,BB02,5,91,1,NULL,NULL,1013,2,NULL,NULL,NULL,-37.991657,177.011263
304,BB03,5,92,1,NULL,NULL,NULL,2,NULL,NULL,NULL,-37.993002,177.011843
305,BB04,5,93,1,NULL,NULL,NULL,2,NULL,NULL,NULL,-37.994462,177.011681
306,BB05,5,94,1,NULL,NULL,NULL,2,NULL,NULL,NULL,-37.995834,177.011399
307,BB06,5,95,1,NULL,NULL,NULL,2,NULL,NULL,NULL,-37.997088,177.012283
308,BB07,5,96,1,NULL,NULL,NULL,2,NULL,NULL,NULL,-37.99845,177.011435
309,BB08,5,97,1,NULL,NULL,NULL,2,NULL,NULL,NULL,-37.999794,177.011723
310,BB09,5,98,1,NULL,NULL,NULL,2,NULL,NULL,NULL,-38.000961,177.012446
311,BB10,5,99,1,NULL,NULL,NULL,2,NULL,NULL,NULL,-38.001791,177.013469
312,BB11,5,100,1,NULL,NULL,NULL,2,NULL,NULL,NULL,-38.003503,177.013657
313,BB12,5,101,1,NULL,NULL,NULL,2,NULL,NULL,NULL,-38.004551,177.014696
314,BB13,5,102,1,NULL,NULL,NULL,2,NULL,NULL,NULL,-38.005789,177.015338
315,BB14,5,103,1,NULL,NULL,NULL,2,NULL,NULL,NULL,-38.007119,177.014909
316,BB15,5,104,1,NULL,NULL,NULL,2,NULL,NULL,NULL,-38.008469,177.015148
317,BB16,5,105,1,NULL,NULL,NULL,2,NULL,NULL,NULL,-38.010107,177.014576
2257,BD01,133,824,1,NULL,NULL,NULL,1,NULL,NULL,NULL,-37.9714639,177.0233
2258,BD02,133,825,1,NULL,NULL,NULL,1,NULL,NULL,NULL,-37.9701249,177.023026
2259,BD03,133,826,1,NULL,NULL,NULL,1,NULL,NULL,NULL,-37.9689109,177.023695
2260,BD04,133,827,1,NULL,NULL,NULL,1,NULL,NULL,NULL,-37.9680479,177.023903
2261,BD05,133,828,1,NULL,NULL,NULL,1,NULL,NULL,NULL,-37.9679589,177.025188
2262,BD06,133,829,1,NULL,NULL,NULL,1,NULL,NULL,NULL,-37.9680259,177.026727
2263,BD07,133,830,1,NULL,NULL,NULL,1,NULL,NULL,NULL,-37.9670959,177.027919
2264,BD08,133,831,1,NULL,NULL,NULL,1,NULL,NULL,NULL,-37.9665549,177.029624
2265,BD09,133,832,1,NULL,NULL,NULL,1,NULL,NULL,NULL,-37.9680319,177.029575
2266,BD10,133,833,1,NULL,NULL,NULL,1,NULL,NULL,NULL,-37.9684279,177.02872
2267,BD11,133,834,1,NULL,NULL,NULL,1,NULL,NULL,NULL,-37.9694879,177.029556
2268,BD12,133,835,1,NULL,NULL,NULL,1,NULL,NULL,NULL,-37.9704407,177.0281972
2269,BD13,133,836,1,NULL,NULL,NULL,1,NULL,NULL,NULL,-37.9698419,177.027706
2270,BD14,133,837,1,NULL,NULL,NULL,1,NULL,NULL,NULL,-37.9704223,177.0264346
2271,BD15,133,838,1,NULL,NULL,NULL,1,NULL,NULL,NULL,-37.9704439,177.02554
2272,BD16,133,839,1,NULL,NULL,NULL,1,NULL,NULL,NULL,-37.9711989,177.024798
2273,BD17,133,840,1,NULL,NULL,NULL,1,NULL,NULL,NULL,-37.9720119,177.025068
3737,BD18,133,841,1,NULL,NULL,NULL,NULL,NULL,NULL,NULL,,
457,BN01,30,21,1,NULL,NULL,NULL,1,NULL,NULL,NULL,-37.98512815,177.0308659
458,BN02,30,20,1,NULL,NULL,NULL,1,NULL,NULL,NULL,-37.98504794,177.0297396
459,BN03,30,19,1,NULL,NULL,NULL,1,NULL,NULL,NULL,-37.9841142,177.0295724
460,BN04,30,18,1,NULL,NULL,NULL,1,NULL,NULL,NULL,-37.98339779,177.0287673
461,BN05,30,17,1,NULL,NULL,NULL,2,NULL,NULL,NULL,-37.9830341,177.0275559
462,BN06,30,16,1,NULL,NULL,NULL,1,NULL,NULL,NULL,-37.98181504,177.0267172
463,BN07,30,15,1,NULL,NULL,NULL,1,NULL,NULL,NULL,-37.98061098,177.0268527
464,BN08,30,14,1,NULL,NULL,NULL,1,NULL,NULL,NULL,-37.98116142,177.0262235
465,BN09,30,13,1,NULL,NULL,1061,1,NULL,NULL,NULL,-37.98078851,177.0256778
466,BN10,30,12,1,NULL,NULL,NULL,1,NULL,NULL,NULL,-37.98009683,177.0258489
467,BN11,30,11,1,NULL,NULL,NULL,2,NULL,NULL,NULL,-37.97933718,177.0264363
468,BN12,30,10,1,NULL,NULL,NULL,2,NULL,NULL,NULL,-37.97823211,177.02715
469,BN13,30,9,1,NULL,NULL,NULL,2,NULL,NULL,NULL,-37.97839128,177.0263574
470,BN14,30,8,1,NULL,NULL,NULL,2,NULL,NULL,NULL,-37.97878909,177.0256426
471,BN15,30,7,1,NULL,NULL,NULL,2,NULL,NULL,NULL,-37.97824393,177.0251995
472,BN16,30,6,1,NULL,NULL,1047,2,NULL,NULL,NULL,-37.97768913,177.0244206
473,BN17,30,5,1,NULL,NULL,NULL,2,NULL,NULL,NULL,-37.97664274,177.0240246
474,BN18,30,4,1,NULL,NULL,1047,1,NULL,NULL,NULL,-37.97667165,177.0234793
475,BN19,30,3,1,NULL,NULL,NULL,2,NULL,NULL,NULL,-37.97609313,177.0223923
476,BN20,30,2,1,NULL,NULL,NULL,2,NULL,NULL,NULL,-37.97556625,177.0219389
477,BN21,30,1,1,NULL,NULL,NULL,2,NULL,NULL,NULL,-37.97491497,177.0206585
214,BS01,1,1,1,NULL,NULL,NULL,2,NULL,NULL,NULL,-37.985382,177.032162
215,BS02,1,2,1,NULL,NULL,NULL,2,NULL,NULL,NULL,-37.987062,177.031485
216,BS03,1,3,1,NULL,NULL,NULL,2,NULL,NULL,NULL,-37.98862,177.031501
217,BS04,1,4,1,NULL,NULL,NULL,2,NULL,NULL,NULL,-37.98999,177.031602
218,BS05,1,5,1,NULL,NULL,NULL,2,NULL,NULL,NULL,-37.991812,177.030994
219,BS06,1,6,1,NULL,NULL,NULL,2,NULL,NULL,NULL,-37.993116,177.031795
220,BS07,1,7,1,NULL,NULL,NULL,2,NULL,NULL,NULL,-37.994437,177.032664
221,BS08,1,8,1,NULL,NULL,NULL,2,NULL,NULL,NULL,-37.996043,177.032613
222,BS09,1,9,1,NULL,NULL,NULL,2,NULL,NULL,NULL,-37.997053,177.033248
223,BS10,1,10,1,NULL,NULL,NULL,2,NULL,NULL,NULL,-37.997993,177.034761
224,BS11,1,11,1,NULL,NULL,NULL,2,NULL,NULL,NULL,-37.998723,177.036227
225,BS12,1,12,1,NULL,NULL,NULL,2,NULL,NULL,NULL,-37.99993,177.037003
226,BS13,1,13,1,NULL,NULL,NULL,2,NULL,NULL,NULL,-38.000449,177.038557
227,BS14,1,14,1,NULL,NULL,NULL,2,NULL,NULL,NULL,-37.999676,177.040029
228,BS15,1,15,1,NULL,NULL,NULL,2,NULL,NULL,NULL,-38.000103,177.04152
229,BS16,1,16,1,NULL,NULL,NULL,2,NULL,NULL,NULL,-38.000854,177.042789
230,BS17,1,17,1,NULL,NULL,NULL,2,NULL,NULL,NULL,-38.001697,177.044172
231,BS18,1,18,1,NULL,NULL,NULL,2,NULL,NULL,NULL,-38.001511,177.045863
232,BS19,1,19,1,NULL,NULL,NULL,2,NULL,NULL,NULL,-38.002394,177.046614
233,BS20,1,20,1,NULL,NULL,NULL,2,NULL,NULL,NULL,-38.001669,177.048171
234,BS21,1,21,1,NULL,NULL,NULL,2,NULL,NULL,NULL,-38.000036,177.049283
235,BS22,1,22,1,NULL,NULL,NULL,2,NULL,NULL,NULL,-37.999575,177.050683
236,BS23,1,23,1,NULL,NULL,NULL,2,NULL,NULL,NULL,-37.998537,177.052241
237,BS24,1,24,1,NULL,NULL,NULL,2,NULL,NULL,NULL,-37.99786,177.053219
238,BS25,1,25,1,NULL,NULL,NULL,2,NULL,NULL,NULL,-37.997744,177.054834
239,BS26,1,26,1,NULL,NULL,NULL,2,NULL,NULL,NULL,-37.997563,177.056508
3736,BS27,1,27,1,NULL,NULL,NULL,NULL,NULL,NULL,NULL,,
977,CAT01,63,667,1,1,NULL,NULL,4,NULL,NULL,NULL,,
978,CAT02,63,668,1,1,NULL,NULL,4,NULL,NULL,NULL,,
979,CAT03,63,669,1,1,NULL,NULL,4,NULL,NULL,NULL,,
980,CAT04,63,670,1,1,NULL,NULL,4,NULL,NULL,NULL,,
981,CAT05,63,671,1,1,NULL,NULL,4,NULL,NULL,NULL,,
1719,CAT06,63,672,1,1,NULL,NULL,4,NULL,NULL,NULL,,
1720,CAT07,63,673,1,1,NULL,NULL,4,NULL,NULL,NULL,,
1721,CAT08,63,674,1,1,NULL,NULL,4,NULL,NULL,NULL,,
1722,CAT09,63,675,1,1,NULL,NULL,4,NULL,NULL,NULL,,
1806,CAT10,63,676,1,1,NULL,NULL,4,NULL,NULL,NULL,,
1807,CAT11,63,677,1,1,NULL,NULL,4,NULL,NULL,NULL,,
2010,CAT12,63,678,1,1,NULL,NULL,4,NULL,NULL,NULL,,
2011,CAT13,63,679,1,1,NULL,NULL,4,NULL,NULL,NULL,,
2012,CAT14,63,680,1,1,NULL,NULL,4,NULL,NULL,NULL,,
2013,CAT15,63,681,1,1,NULL,NULL,4,NULL,NULL,NULL,,
2014,CAT16,63,682,1,1,NULL,NULL,4,NULL,NULL,NULL,,
2027,CAT17,63,683,1,1,NULL,NULL,4,NULL,NULL,NULL,,
2028,CAT18,63,684,1,1,NULL,NULL,4,NULL,NULL,NULL,,
2052,CAT19,63,685,1,1,NULL,NULL,4,NULL,NULL,NULL,,
2229,CAT20,63,686,1,1,NULL,NULL,4,NULL,NULL,NULL,,
2230,CAT21,63,687,1,1,NULL,NULL,4,NULL,NULL,NULL,,
2231,CAT22,63,688,1,1,NULL,NULL,4,NULL,NULL,NULL,,
2096,CD01,128,816,1,NULL,NULL,NULL,1,NULL,NULL,NULL,-37.961636,177.025489
2097,CD02,128,817,1,NULL,NULL,NULL,1,NULL,NULL,NULL,-37.962194,177.024059
2098,CD03,128,818,1,NULL,NULL,NULL,1,NULL,NULL,NULL,-37.963554,177.023771
2099,CD04,128,819,1,NULL,NULL,NULL,1,NULL,NULL,NULL,-37.964226,177.024112
2100,CD05,128,820,1,NULL,NULL,NULL,1,NULL,NULL,NULL,-37.966265,177.024343
2101,CD06,128,821,1,NULL,NULL,NULL,1,NULL,NULL,NULL,-37.966371,177.026182
2102,CD07,128,822,1,NULL,NULL,NULL,1,NULL,NULL,NULL,-37.966151,177.027833
389,CF01,29,527,1,NULL,NULL,NULL,2,NULL,NULL,NULL,-37.966937,177.033888
390,CF02,29,528,1,NULL,NULL,NULL,2,NULL,NULL,NULL,-37.96666,177.035503
391,CF03,29,529,1,NULL,NULL,NULL,2,NULL,NULL,NULL,-37.966339,177.036666
392,CF04,29,530,1,NULL,NULL,1006,2,NULL,NULL,NULL,-37.966849,177.037622
393,CF05,29,531,1,NULL,NULL,NULL,2,NULL,NULL,NULL,-37.966525,177.038925
71,CR01,28,511,1,NULL,NULL,NULL,1,NULL,NULL,NULL,-37.977425,177.027844
72,CR02,28,512,1,NULL,NULL,NULL,1,NULL,NULL,NULL,-37.978212,177.029143
73,CR03,28,513,1,NULL,NULL,NULL,1,NULL,NULL,NULL,-37.978055,177.030081
74,CR04,28,514,1,NULL,NULL,NULL,1,NULL,NULL,NULL,-37.978201,177.031191
75,CR05,28,515,1,NULL,NULL,NULL,1,NULL,NULL,NULL,-37.97755,177.032017
76,CR06,28,516,1,NULL,NULL,1016,1,NULL,NULL,NULL,-37.976791,177.032663
77,CR07,28,517,1,NULL,NULL,NULL,1,NULL,NULL,NULL,-37.976012,177.033058
78,CR08,28,518,1,NULL,NULL,NULL,1,NULL,NULL,NULL,-37.9754,177.033883
79,CR09,28,519,1,NULL,NULL,NULL,1,NULL,NULL,NULL,-37.974859,177.034702
80,CR10,28,520,1,NULL,NULL,NULL,1,NULL,NULL,NULL,-37.974774,177.035919
81,CR11,28,521,1,NULL,NULL,NULL,1,NULL,NULL,NULL,-37.974063,177.03656
82,CR12,28,522,1,NULL,NULL,NULL,1,NULL,NULL,NULL,-37.973338,177.037299
83,CR13,28,523,1,NULL,NULL,NULL,1,NULL,NULL,NULL,-37.972515,177.037922
84,CR14,28,524,1,NULL,NULL,NULL,1,NULL,NULL,NULL,-37.972005,177.038572
85,CR15,28,525,1,NULL,NULL,NULL,1,NULL,NULL,NULL,-37.97194,177.039674
86,CR16,28,526,1,NULL,NULL,NULL,1,NULL,NULL,NULL,-37.971197,177.040262
370,CS01,9,148,1,NULL,NULL,NULL,1,NULL,NULL,NULL,-37.975062,177.022924
371,CS02,9,149,1,NULL,NULL,NULL,1,NULL,NULL,NULL,-37.975949,177.023784
372,CS03,9,150,1,NULL,NULL,NULL,1,NULL,NULL,NULL,-37.976637,177.025032
373,CS04,9,151,1,NULL,NULL,NULL,1,NULL,NULL,NULL,-37.977056,177.026153
374,CS05,9,152,1,NULL,NULL,NULL,1,NULL,NULL,NULL,-37.976309,177.026881
478,CS05a,9,153,1,NULL,NULL,NULL,1,NULL,NULL,NULL,-37.976051,177.027697
375,CS06,9,154,1,NULL,NULL,NULL,1,NULL,NULL,NULL,-37.975804,177.028301
479,CS06a,9,155,1,NULL,NULL,NULL,1,NULL,NULL,NULL,-37.975644,177.028876
377,CS07,9,156,1,NULL,NULL,NULL,1,NULL,NULL,NULL,-37.974941,177.029982
480,CS07a,9,157,1,NULL,NULL,NULL,1,NULL,NULL,NULL,-37.974681,177.030264
376,CS08,9,158,1,NULL,NULL,NULL,1,NULL,NULL,NULL,-37.973913,177.031269
378,CS09,9,159,1,NULL,NULL,NULL,1,NULL,NULL,NULL,-37.972316,177.033269
379,CS10,9,160,1,NULL,NULL,NULL,1,NULL,NULL,NULL,-37.971667,177.035006
380,CS11,9,161,1,NULL,NULL,NULL,1,NULL,NULL,NULL,-37.970714,177.036496
381,CS12,9,162,1,NULL,NULL,1009,1,NULL,NULL,NULL,-37.969825,177.037831
3659,CT1,189,1,1,0,0,NULL,11,0,0,NULL,-37.97170442,177.0041179
3663,CT10,189,5,1,0,0,NULL,11,0,0,NULL,-37.9821697,176.9996687
3664,CT12,189,6,1,0,0,NULL,11,0,0,NULL,-37.97889511,177.0019259
3660,CT4,189,2,1,0,0,NULL,11,0,0,NULL,-37.9842003,177.0027266
3661,CT7,189,3,1,0,0,NULL,11,0,0,NULL,-37.98722849,177.0000348
3662,CT9,189,4,1,0,0,NULL,11,0,0,NULL,-37.98275613,176.9956719
1775,DB01,122,773,1,NULL,NULL,1065,2,NULL,NULL,NULL,,
1776,DB02,122,774,1,NULL,NULL,1065,2,NULL,NULL,NULL,,
1777,DB03,122,775,1,NULL,NULL,1065,2,NULL,NULL,NULL,,
1778,DB04,122,776,1,NULL,NULL,1065,2,NULL,NULL,NULL,,
1779,DB05,122,777,1,NULL,NULL,1065,2,NULL,NULL,NULL,,
1780,DB06,122,778,1,NULL,NULL,1065,2,NULL,NULL,NULL,,
1781,DB07,122,779,1,NULL,NULL,1065,2,NULL,NULL,NULL,,
1782,DB08,122,780,1,NULL,NULL,1065,2,NULL,NULL,NULL,,
1783,DB09,122,781,1,NULL,NULL,1065,2,NULL,NULL,NULL,,
1784,DB10,122,782,1,NULL,NULL,1065,2,NULL,NULL,NULL,,
1785,DB11,122,783,1,NULL,NULL,1065,2,NULL,NULL,NULL,,
1786,DB12,122,784,1,NULL,NULL,1065,2,NULL,NULL,NULL,,
1787,DB13,122,785,1,NULL,NULL,1065,2,NULL,NULL,NULL,,
1788,DB14,122,786,1,NULL,NULL,1037,2,NULL,NULL,NULL,,
1789,DB15,122,787,1,NULL,NULL,NULL,2,NULL,NULL,NULL,,
1790,DB16,122,788,1,NULL,NULL,NULL,2,NULL,NULL,NULL,,
1791,DB17,122,789,1,NULL,NULL,NULL,2,NULL,NULL,NULL,,
1792,DB18,122,790,1,NULL,NULL,NULL,2,NULL,NULL,NULL,,
1793,DB19,122,791,1,NULL,NULL,NULL,2,NULL,NULL,NULL,,
1794,DB20,122,792,1,NULL,NULL,1057,2,NULL,NULL,NULL,,
1795,DB21,122,793,1,NULL,NULL,NULL,2,NULL,NULL,NULL,,
1796,DB22,122,794,1,NULL,NULL,NULL,2,NULL,NULL,NULL,,
1797,DB23,122,795,1,NULL,NULL,NULL,2,NULL,NULL,NULL,,
1798,DB24,122,796,1,NULL,NULL,NULL,2,NULL,NULL,NULL,,
1799,DB25,122,797,1,NULL,NULL,NULL,2,NULL,NULL,NULL,,
1800,DB26,122,798,1,NULL,NULL,NULL,2,NULL,NULL,NULL,,
1801,DB27,122,799,1,NULL,NULL,NULL,2,NULL,NULL,NULL,,
1802,DB28,122,800,1,NULL,NULL,NULL,2,NULL,NULL,NULL,,
1803,DB29,122,801,1,NULL,NULL,NULL,2,NULL,NULL,NULL,,
1804,DB30,122,802,1,NULL,NULL,NULL,2,NULL,NULL,NULL,,
1805,DB31,122,803,1,NULL,NULL,NULL,2,NULL,NULL,NULL,,
151,DF01,18,308,1,NULL,NULL,NULL,2,NULL,NULL,NULL,-37.974871,177.021146
152,DF02,18,309,1,NULL,NULL,NULL,2,NULL,NULL,NULL,-37.974822,177.022049
153,DF03,18,310,1,NULL,NULL,NULL,1,NULL,NULL,NULL,-37.973943,177.022518
154,DF04,18,311,1,NULL,NULL,NULL,2,NULL,NULL,NULL,-37.973291,177.023054
155,DF05,18,312,1,NULL,NULL,NULL,1,NULL,NULL,NULL,-37.97241,177.02329
156,DF06,18,313,1,NULL,NULL,NULL,2,NULL,NULL,NULL,-37.972068,177.022606
157,DF07,18,314,1,NULL,NULL,NULL,1,NULL,NULL,NULL,-37.971693,177.02201
158,DF08,18,315,1,NULL,NULL,NULL,2,NULL,NULL,NULL,-37.970973,177.022252
3586,DF08A,18,316,1,NULL,NULL,NULL,2,NULL,NULL,NULL,-37.97041675,177.020979
3587,DF08B,18,317,1,NULL,NULL,NULL,NULL,NULL,NULL,NULL,-37.96954353,177.0191221
159,DF09,18,318,1,NULL,NULL,NULL,1,NULL,NULL,NULL,-37.969991,177.022458
160,DF10,18,319,1,NULL,NULL,NULL,2,NULL,NULL,NULL,-37.968309,177.022743
161,DF11,18,320,1,NULL,NULL,NULL,1,NULL,NULL,NULL,-37.967147,177.023019
162,DF12,18,321,1,NULL,NULL,2,2,NULL,NULL,NULL,-37.966305,177.023337
163,DF13,18,322,1,NULL,NULL,NULL,1,NULL,NULL,NULL,-37.965643,177.023015
164,DF14,18,323,1,NULL,NULL,NULL,2,NULL,NULL,NULL,-37.9657,177.022122
165,DF15,18,324,1,NULL,NULL,NULL,1,NULL,NULL,NULL,-37.966022,177.021039
166,DF16,18,325,1,NULL,NULL,NULL,2,NULL,NULL,NULL,-37.966546,177.019573
167,DF17,18,326,1,NULL,NULL,NULL,2,NULL,NULL,NULL,-37.967285,177.018115
3588,DF17A,18,327,1,NULL,NULL,NULL,NULL,NULL,NULL,NULL,-37.96774966,177.0170558
168,DF18,18,328,1,NULL,NULL,NULL,2,NULL,NULL,NULL,-37.968165,177.017827
169,DF19,18,329,1,NULL,NULL,NULL,2,NULL,NULL,NULL,-37.969545,177.018481
170,DF20,18,330,1,NULL,NULL,NULL,2,NULL,NULL,NULL,-37.971082,177.018611
171,DF21,18,331,1,NULL,NULL,NULL,2,NULL,NULL,NULL,-37.972349,177.019296
172,DF22,18,332,1,NULL,NULL,1040,1,NULL,NULL,NULL,-37.973712,177.020475
3596,DF23,18,333,1,NULL,NULL,NULL,2,NULL,NULL,NULL,-37.97291116,177.0194198
3597,DF24,18,334,1,NULL,NULL,NULL,2,NULL,NULL,NULL,-37.97336487,177.0209011
3598,DF25,18,335,1,NULL,NULL,NULL,2,NULL,NULL,NULL,-37.97292996,177.0217649
394,DV01,26,505,1,NULL,NULL,1024,1,NULL,NULL,NULL,-37.964585,177.032221
395,DV02,26,506,1,NULL,NULL,NULL,1,NULL,NULL,NULL,-37.964814,177.031802
396,DV03,26,507,1,NULL,NULL,NULL,1,NULL,NULL,NULL,-37.965072,177.031124
397,DV04,26,508,1,NULL,NULL,1062,1,NULL,NULL,NULL,-37.96539,177.03022
398,DV05,26,509,1,NULL,NULL,NULL,1,NULL,NULL,NULL,-37.965969,177.029112
481,DV06,26,510,1,NULL,NULL,NULL,1,NULL,NULL,NULL,-37.964971,177.028615
1127,FG01,83,719,1,NULL,NULL,NULL,1,NULL,NULL,NULL,,
1128,FG02,83,720,1,NULL,NULL,NULL,1,NULL,NULL,NULL,,
1129,FG03,83,721,1,NULL,NULL,NULL,1,NULL,NULL,NULL,,
1130,FG04,83,722,1,NULL,NULL,NULL,1,NULL,NULL,NULL,,
1131,FG05,83,723,1,NULL,NULL,NULL,1,NULL,NULL,NULL,,
1132,FG06,83,724,1,NULL,NULL,NULL,1,NULL,NULL,NULL,,
1133,FG07,83,725,1,NULL,NULL,NULL,1,NULL,NULL,NULL,,
1134,FG08,83,726,1,NULL,NULL,NULL,1,NULL,NULL,NULL,,
1135,FG09,83,727,1,NULL,NULL,NULL,1,NULL,NULL,NULL,,
2057,FR01,125,804,1,NULL,NULL,NULL,1,NULL,NULL,NULL,-37.95377452,177.0163957
2058,FR02,125,805,1,NULL,NULL,NULL,1,NULL,NULL,NULL,-37.95409102,177.0158328
2059,FR03,125,806,1,NULL,NULL,NULL,1,NULL,NULL,NULL,-37.95455304,177.0157556
2060,FR04,125,807,1,NULL,NULL,NULL,1,NULL,NULL,NULL,-37.95531429,177.0148301
2171,FR04A,125,808,1,NULL,NULL,NULL,1,NULL,NULL,NULL,,
2061,FR05,125,809,1,NULL,NULL,NULL,1,NULL,NULL,NULL,-37.9560591,177.0138583
2172,FR05A,125,810,1,NULL,NULL,NULL,1,NULL,NULL,NULL,,
2062,FR06,125,811,1,NULL,NULL,NULL,1,NULL,NULL,NULL,-37.956992,177.013181
2063,FR07,125,812,1,NULL,NULL,NULL,1,NULL,NULL,NULL,-37.95688438,177.0142218
2064,FR08,125,813,1,NULL,NULL,NULL,1,NULL,NULL,NULL,-37.95653561,177.0154656
2065,FR09,125,814,1,NULL,NULL,NULL,1,NULL,NULL,NULL,-37.95570341,177.0155681
2066,FR10,125,815,1,NULL,NULL,NULL,1,NULL,NULL,NULL,-37.95501059,177.0165996
2489,FR11,125,816,1,NULL,NULL,NULL,1,NULL,NULL,NULL,-37.95438147,177.0176119
2490,FR12,125,817,1,NULL,NULL,NULL,1,NULL,NULL,NULL,,
3690,HB1,191,1,1,NULL,NULL,NULL,1,NULL,NULL,NULL,,
3691,HB2,191,2,1,NULL,NULL,NULL,1,NULL,NULL,NULL,,
3692,HB3,191,3,1,NULL,NULL,NULL,1,NULL,NULL,NULL,,
3693,HB4,191,4,1,NULL,NULL,NULL,1,NULL,NULL,NULL,,
3694,HB5,191,5,1,NULL,NULL,NULL,1,NULL,NULL,NULL,,
3695,HB6,191,6,1,NULL,NULL,NULL,1,NULL,NULL,NULL,,
3696,HB7a,191,7,1,NULL,NULL,NULL,1,NULL,NULL,NULL,,
3698,HB7b,191,8,1,NULL,NULL,NULL,1,NULL,NULL,NULL,,
3697,HB8,191,9,1,NULL,NULL,NULL,1,NULL,NULL,NULL,,
988,KC01,65,695,1,NULL,NULL,NULL,1,NULL,NULL,NULL,-38.0398661,177.0676001
991,KC02,65,696,1,NULL,NULL,NULL,1,NULL,NULL,NULL,-38.0411679,177.0683284
992,KC03,65,697,1,NULL,NULL,NULL,1,NULL,NULL,NULL,-38.0431809,177.068523
993,KC04,65,698,1,NULL,NULL,NULL,1,NULL,NULL,NULL,-38.0448998,177.0690325
994,KC05,65,699,1,NULL,NULL,NULL,1,NULL,NULL,NULL,-38.0466129,177.0686112
995,KC06,65,700,1,NULL,NULL,NULL,1,NULL,NULL,NULL,-38.0480425,177.0685978
996,KC07,65,701,1,NULL,NULL,NULL,1,NULL,NULL,NULL,-38.0495228,177.0686351
997,KC08,65,702,1,NULL,NULL,NULL,1,NULL,NULL,NULL,-38.0513837,177.0686331
998,KC09,65,703,1,NULL,NULL,NULL,1,NULL,NULL,NULL,-38.0514675,177.0696468
989,KC10,65,704,1,NULL,NULL,NULL,1,NULL,NULL,NULL,-38.0497916,177.0692776
990,KC11,65,705,1,NULL,NULL,NULL,1,NULL,NULL,NULL,-38.0486156,177.0688932
1109,KCP01,79,716,1,NULL,NULL,NULL,1,NULL,NULL,NULL,-37.9551402,177.0099062
1110,KCP02,79,717,1,NULL,NULL,NULL,1,NULL,NULL,NULL,,
1111,KCP03,79,718,1,NULL,NULL,NULL,1,NULL,NULL,NULL,,
1542,KF00,31,553,1,NULL,NULL,1054,2,NULL,NULL,NULL,-37.95629667,177.0179781
523,KF01,31,554,1,NULL,NULL,1063,2,NULL,NULL,NULL,-37.9576,177.017085
524,KF02,31,555,1,NULL,NULL,1031,2,NULL,NULL,NULL,-37.95921,177.016628
525,KF03,31,556,1,NULL,NULL,NULL,2,NULL,NULL,NULL,-37.960417,177.01759
526,KF04,31,557,1,NULL,NULL,NULL,2,NULL,NULL,NULL,-37.961743,177.017476
527,KF05,31,558,1,NULL,NULL,1,2,NULL,NULL,NULL,-37.96227,177.016268
528,KF06,31,559,1,NULL,NULL,NULL,2,NULL,NULL,NULL,-37.962967,177.014468
529,KF07,31,560,1,NULL,NULL,NULL,2,NULL,NULL,NULL,-37.96301,177.012629
530,KF08,31,561,1,NULL,NULL,1041,2,NULL,NULL,NULL,-37.96331,177.010755
531,KF09,31,562,1,NULL,NULL,NULL,2,NULL,NULL,NULL,-37.963319,177.009251
532,KF10,31,563,1,NULL,NULL,NULL,2,NULL,NULL,NULL,-37.96227,177.00902
533,KF11,31,564,1,NULL,NULL,NULL,2,NULL,NULL,NULL,-37.961141,177.008249
534,KF12,31,565,1,NULL,NULL,1044,2,NULL,NULL,NULL,-37.960161,177.007027
535,KF13,31,566,1,NULL,NULL,1058,2,NULL,NULL,NULL,-37.959774,177.00602
536,KF14,31,567,1,NULL,NULL,1048,2,NULL,NULL,NULL,-37.958368,177.004783
537,KF15,31,568,1,NULL,NULL,NULL,2,NULL,NULL,NULL,-37.957585,177.004015
538,KF16,31,569,1,NULL,NULL,1020,2,NULL,NULL,NULL,-37.956705,177.00359
539,KF17,31,570,1,NULL,NULL,1019,2,NULL,NULL,NULL,-37.955621,177.00467
540,KF18,31,571,1,NULL,NULL,4,2,NULL,NULL,NULL,-37.95495,177.007486
541,KF19,31,572,1,NULL,NULL,1062,2,NULL,NULL,NULL,-37.95635,177.00907
542,KF20,31,573,1,NULL,NULL,NULL,2,NULL,NULL,NULL,-37.95762592,177.0112361
543,KF21,31,574,1,NULL,NULL,1038,2,NULL,NULL,NULL,-37.95794638,177.0124026
544,KF22,31,575,1,NULL,NULL,NULL,2,NULL,NULL,NULL,-37.95966312,177.0135655
3738,KJ00,114,727,1,NULL,NULL,NULL,NULL,NULL,NULL,NULL,,
1647,KJ01,114,728,1,NULL,NULL,NULL,1,NULL,NULL,NULL,-37.94881946,177.0116778
3739,KJ01a,114,729,1,NULL,NULL,NULL,NULL,NULL,NULL,NULL,,
1648,KJ02,114,731,1,NULL,NULL,NULL,1,NULL,NULL,NULL,-37.94892389,177.013367
3740,KJ02a,114,732,1,NULL,NULL,NULL,NULL,NULL,NULL,NULL,,
1649,KJ03,114,733,1,NULL,NULL,NULL,1,NULL,NULL,NULL,-37.94821279,177.0146705
3741,KJ03a,114,734,1,NULL,NULL,NULL,NULL,NULL,NULL,NULL,,
1650,KJ04,114,735,1,NULL,NULL,NULL,1,NULL,NULL,NULL,-37.94851485,177.0158472
3742,KJ04a,114,736,1,NULL,NULL,NULL,NULL,NULL,NULL,NULL,,
1651,KJ05,114,737,1,NULL,NULL,NULL,1,NULL,NULL,NULL,-37.94945171,177.0153182
3743,KJ05a,114,738,1,NULL,NULL,NULL,NULL,NULL,NULL,NULL,,
1652,KJ06,114,739,1,NULL,NULL,NULL,1,NULL,NULL,NULL,-37.95073487,177.0146715
1653,KJ07,114,741,1,NULL,NULL,NULL,1,NULL,NULL,NULL,-37.95159462,177.015344
1654,KJ08,114,743,1,NULL,NULL,NULL,1,NULL,NULL,NULL,-37.95258935,177.0165472
3746,KJ08a,114,744,1,NULL,NULL,NULL,NULL,NULL,NULL,NULL,,
1655,KJ09,114,745,1,NULL,NULL,NULL,1,NULL,NULL,NULL,-37.95296898,177.0151914
3747,KJ09a,114,746,1,NULL,NULL,NULL,NULL,NULL,NULL,NULL,,
1656,KJ10,114,747,1,NULL,NULL,NULL,1,NULL,NULL,NULL,-37.95373831,177.0137659
3748,KJ10a,114,748,1,NULL,NULL,NULL,NULL,NULL,NULL,NULL,,
1657,KJ11,114,749,1,NULL,NULL,NULL,1,NULL,NULL,NULL,-37.95414054,177.0122748
3749,KJ11a,114,750,1,NULL,NULL,NULL,NULL,NULL,NULL,NULL,,
1658,KJ12,114,751,1,NULL,NULL,1046,1,NULL,NULL,NULL,-37.95482032,177.010833
3750,KJ12a,114,752,1,NULL,NULL,NULL,NULL,NULL,NULL,NULL,,
3744,KJKat01,114,740,1,NULL,NULL,NULL,NULL,NULL,NULL,NULL,,
3745,KJKat02,114,742,1,NULL,NULL,NULL,NULL,NULL,NULL,NULL,,
3754,KL01,195,1,1,NULL,NULL,NULL,NULL,NULL,NULL,NULL,,
3755,KL02,195,2,1,NULL,NULL,NULL,NULL,NULL,NULL,NULL,,
3756,KL03,195,3,1,NULL,NULL,NULL,NULL,NULL,NULL,NULL,,
3757,KL04,195,4,1,NULL,NULL,NULL,NULL,NULL,NULL,NULL,,
3758,KL05,195,5,1,NULL,NULL,NULL,NULL,NULL,NULL,NULL,,
3759,KL06,195,6,1,NULL,NULL,NULL,NULL,NULL,NULL,NULL,,
3760,KL07,195,7,1,NULL,NULL,NULL,NULL,NULL,NULL,NULL,,
3761,KL08,195,8,1,NULL,NULL,NULL,NULL,NULL,NULL,NULL,,
3762,KL09,195,9,1,NULL,NULL,NULL,NULL,NULL,NULL,NULL,,
3763,KL10,195,10,1,NULL,NULL,NULL,NULL,NULL,NULL,NULL,,
3764,KL11,195,11,1,NULL,NULL,NULL,NULL,NULL,NULL,NULL,,
196,KP01,16,272,1,NULL,NULL,NULL,1,NULL,NULL,NULL,-37.953348,177.008212
197,KP02,16,273,1,NULL,NULL,1008,1,NULL,NULL,NULL,-37.952061,177.009244
198,KP03,16,274,1,NULL,NULL,NULL,1,NULL,NULL,NULL,-37.950708,177.009961
199,KP04,16,275,1,NULL,NULL,1014,1,NULL,NULL,NULL,-37.94874,177.010838
3509,KP04A,16,277,1,0,0,NULL,1,0,0,NULL,-37.94839148,177.0104943
200,KP05,16,276,1,NULL,NULL,NULL,1,NULL,NULL,NULL,-37.947864,177.011781
201,KP06,16,278,1,NULL,NULL,NULL,1,NULL,NULL,NULL,-37.946662,177.01198
202,KP07,16,279,1,NULL,NULL,NULL,1,NULL,NULL,NULL,-37.945516,177.012585
203,KP08,16,280,1,NULL,NULL,NULL,1,NULL,NULL,NULL,-37.944571,177.013191
204,KP09,16,281,1,NULL,NULL,NULL,1,NULL,NULL,NULL,-37.943204,177.014237
205,KP10,16,282,1,NULL,NULL,NULL,1,NULL,NULL,NULL,-37.941898,177.014401
206,KP11,16,283,1,NULL,NULL,NULL,1,NULL,NULL,NULL,-37.941267,177.015043
207,KP12,16,284,1,NULL,NULL,NULL,1,NULL,NULL,NULL,-37.941469,177.015545
208,KP13,16,285,1,NULL,NULL,NULL,1,NULL,NULL,NULL,-37.942545,177.016304
209,KP14,16,286,1,NULL,NULL,1026,1,NULL,NULL,NULL,-37.942843,177.017937
210,KP15,16,287,1,NULL,NULL,NULL,1,NULL,NULL,NULL,-37.943829,177.018701
211,KP16,16,288,1,NULL,NULL,NULL,1,NULL,NULL,NULL,-37.944829,177.020018
212,KP17,16,289,1,NULL,NULL,NULL,1,NULL,NULL,NULL,-37.94614,177.020594
213,KP18,16,290,1,NULL,NULL,NULL,1,NULL,NULL,NULL,-37.94683,177.021274
3510,KP19,16,291,1,0,0,NULL,1,0,0,NULL,-37.94720308,177.0197001
3511,KP20,16,292,1,0,0,NULL,1,0,0,NULL,-37.94961011,177.0191148
3512,KP21,16,293,1,0,0,NULL,1,0,0,NULL,-37.95064443,177.0190517
3704,KPG01a,194,1,1,NULL,NULL,NULL,NULL,NULL,NULL,NULL,,
3705,KPG01b,194,2,1,NULL,NULL,NULL,NULL,NULL,NULL,NULL,,
3706,KPG02a,194,3,1,NULL,NULL,NULL,1,NULL,NULL,NULL,,
3707,KPG02b,194,4,1,NULL,NULL,NULL,NULL,NULL,NULL,NULL,,
3708,KPG03a,194,5,1,NULL,NULL,NULL,NULL,NULL,NULL,NULL,,
3709,KPG03b,194,6,1,NULL,NULL,NULL,NULL,NULL,NULL,NULL,,
3710,KPG04a,194,7,1,NULL,NULL,NULL,NULL,NULL,NULL,NULL,,
3711,KPG04b,194,8,1,NULL,NULL,NULL,NULL,NULL,NULL,NULL,,
3712,KPG05a,194,9,1,NULL,NULL,NULL,NULL,NULL,NULL,NULL,,
3713,KPG05b,194,10,1,NULL,NULL,NULL,NULL,NULL,NULL,NULL,,
3714,KPG06a,194,11,1,NULL,NULL,NULL,NULL,NULL,NULL,NULL,,
3715,KPG06b,194,12,1,NULL,NULL,NULL,NULL,NULL,NULL,NULL,,
3716,KPG07a,194,13,1,NULL,NULL,NULL,NULL,NULL,NULL,NULL,,
3717,KPG07b,194,14,1,NULL,NULL,NULL,NULL,NULL,NULL,NULL,,
3718,KPG08a,194,15,1,NULL,NULL,NULL,NULL,NULL,NULL,NULL,,
3719,KPG08b,194,16,1,NULL,NULL,NULL,NULL,NULL,NULL,NULL,,
3720,KPG09a,194,17,1,NULL,NULL,NULL,NULL,NULL,NULL,NULL,,
3721,KPG09b,194,18,1,NULL,NULL,NULL,NULL,NULL,NULL,NULL,,
3722,KPG10a,194,19,1,NULL,NULL,NULL,NULL,NULL,NULL,NULL,,
3723,KPG10b,194,20,1,NULL,NULL,NULL,NULL,NULL,NULL,NULL,,
3724,KPG11a,194,21,1,NULL,NULL,NULL,NULL,NULL,NULL,NULL,,
3725,KPG11b,194,22,1,NULL,NULL,NULL,NULL,NULL,NULL,NULL,,
3726,KPG12a,194,23,1,NULL,NULL,NULL,NULL,NULL,NULL,NULL,,
3727,KPG12b,194,24,1,NULL,NULL,NULL,NULL,NULL,NULL,NULL,,
3728,KPG13a,194,25,1,NULL,NULL,NULL,NULL,NULL,NULL,NULL,,
3729,KPG13b,194,26,1,NULL,NULL,NULL,NULL,NULL,NULL,NULL,,
3730,KPG14,194,27,1,NULL,NULL,NULL,NULL,NULL,NULL,NULL,,
3731,KPG15a,194,28,1,NULL,NULL,NULL,NULL,NULL,NULL,NULL,,
3732,KPG15b,194,29,1,NULL,NULL,NULL,NULL,NULL,NULL,NULL,,
3733,KPG16a,194,30,1,NULL,NULL,NULL,NULL,NULL,NULL,NULL,,
3734,KPG16b,194,31,1,NULL,NULL,NULL,NULL,NULL,NULL,NULL,,
3735,KPGKAT,194,NULL,1,NULL,NULL,NULL,NULL,NULL,NULL,NULL,,
787,MC01,52,581,1,NULL,NULL,NULL,2,NULL,NULL,NULL,-38.0184777,177.071033
788,MC02,52,582,1,NULL,NULL,NULL,2,NULL,NULL,NULL,-38.0199115,177.0711981
789,MC03,52,583,1,NULL,NULL,NULL,2,NULL,NULL,NULL,-38.0210077,177.0722167
790,MC04,52,584,1,NULL,NULL,NULL,2,NULL,NULL,NULL,-38.0213319,177.0738676
791,MC05,52,585,1,NULL,NULL,NULL,2,NULL,NULL,NULL,-38.0225574,177.075107
792,MC06,52,586,1,NULL,NULL,NULL,2,NULL,NULL,NULL,-38.0239287,177.0748034
793,MC07,52,587,1,NULL,NULL,NULL,2,NULL,NULL,NULL,-38.0252462,177.0744125
794,MC08,52,588,1,NULL,NULL,NULL,2,NULL,NULL,NULL,-38.0266094,177.0745674
795,MC09,52,589,1,NULL,NULL,NULL,2,NULL,NULL,NULL,-38.0275061,177.0759158
796,MC10,52,590,1,NULL,NULL,NULL,2,NULL,NULL,NULL,-38.028709,177.0764265
797,MC11,52,591,1,NULL,NULL,NULL,2,NULL,NULL,NULL,-38.0293329,177.0780701
798,MC12,52,592,1,NULL,NULL,NULL,2,NULL,NULL,NULL,-38.0302546,177.0793723
799,MC13,52,593,1,NULL,NULL,NULL,2,NULL,NULL,NULL,-38.0314138,177.0797972
800,MC14,52,594,1,NULL,NULL,NULL,2,NULL,NULL,NULL,-38.0329673,177.0794567
801,MC15,52,595,1,NULL,NULL,NULL,2,NULL,NULL,NULL,-38.0342153,177.0801883
802,MC16,52,596,1,NULL,NULL,NULL,2,NULL,NULL,NULL,-38.0354831,177.0814488
803,MC17,52,597,1,NULL,NULL,NULL,2,NULL,NULL,NULL,-38.0367004,177.0822028
804,MC18,52,598,1,NULL,NULL,NULL,2,NULL,NULL,NULL,-38.0378145,177.0830664
805,MC19,52,599,1,NULL,NULL,NULL,2,NULL,NULL,NULL,-38.0393532,177.0839637
806,MC20,52,600,1,NULL,NULL,NULL,2,NULL,NULL,NULL,-38.0406685,177.0841205
3293,ME1,179,1,1,NULL,NULL,NULL,NULL,NULL,NULL,NULL,-37.94319572,177.0151933
3294,ME2,179,2,1,NULL,NULL,NULL,NULL,NULL,NULL,NULL,-37.94318278,177.0166258
3295,ME3,179,3,1,NULL,NULL,NULL,NULL,NULL,NULL,NULL,-37.94373102,177.0174519
3296,ME4,179,4,1,NULL,NULL,NULL,NULL,NULL,NULL,NULL,-37.94442931,177.0181042
3297,ME5,179,5,1,NULL,NULL,NULL,NULL,NULL,NULL,NULL,-37.94526396,177.0184568
3298,ME6,179,6,1,NULL,NULL,NULL,NULL,NULL,NULL,NULL,-37.94600248,177.0189862
3299,ME7,179,7,1,NULL,NULL,NULL,NULL,NULL,NULL,NULL,-37.94650463,177.0201056
8,MK01,25,421,1,NULL,NULL,1055,2,NULL,NULL,NULL,-37.963396,176.994418
9,MK02,25,422,1,NULL,NULL,NULL,2,NULL,NULL,NULL,-37.963986,176.995581
10,MK03,25,423,1,NULL,NULL,NULL,2,NULL,NULL,NULL,-37.96532,176.995896
11,MK04,25,424,1,NULL,NULL,NULL,2,NULL,NULL,NULL,-37.966502,176.996299
12,MK05,25,425,1,NULL,NULL,NULL,2,NULL,NULL,NULL,-37.967569,176.995881
13,MK06,25,426,1,NULL,NULL,1022,2,NULL,NULL,NULL,-37.968863,176.996856
14,MK07,25,427,1,NULL,NULL,NULL,2,NULL,NULL,NULL,-37.970293,176.997034
15,MK08,25,428,1,NULL,NULL,3,2,NULL,NULL,NULL,-37.971937,176.995999
16,MK09,25,429,1,NULL,NULL,NULL,1,NULL,NULL,NULL,-37.973393,176.996535
17,MK10,25,430,1,NULL,NULL,NULL,2,NULL,NULL,NULL,-37.974133,176.995244
19,MK11,25,431,1,NULL,NULL,1015,2,NULL,NULL,NULL,-37.975526,176.994552
20,MK12,25,432,1,NULL,NULL,NULL,2,NULL,NULL,NULL,-37.976561,176.993424
21,MK13,25,433,1,NULL,NULL,1010,2,NULL,NULL,NULL,-37.977944,176.993742
22,MK14,25,434,1,NULL,NULL,NULL,2,NULL,NULL,NULL,-37.979022,176.994904
23,MK15,25,435,1,NULL,NULL,1011,2,NULL,NULL,NULL,-37.980104,176.995549
18,MK16,25,436,1,NULL,NULL,NULL,2,NULL,NULL,NULL,-37.981302,176.994802
24,MK17,25,437,1,NULL,NULL,NULL,2,NULL,NULL,NULL,-37.982638,176.995254
25,MK18,25,438,1,NULL,NULL,NULL,2,NULL,NULL,NULL,-37.984028,176.994906
26,MK19,25,439,1,NULL,NULL,NULL,2,NULL,NULL,NULL,-37.98532,176.995462
27,MK20,25,440,1,NULL,NULL,NULL,2,NULL,NULL,NULL,-37.986392,176.996541
28,MK21,25,441,1,NULL,NULL,NULL,2,NULL,NULL,NULL,-37.986925,176.998127
29,MK22,25,442,1,NULL,NULL,NULL,2,NULL,NULL,NULL,-37.987386,176.999908
30,MK23,25,443,1,NULL,NULL,NULL,2,NULL,NULL,NULL,-37.986356,177.001026
31,MK24,25,444,1,NULL,NULL,NULL,2,NULL,NULL,NULL,-37.984996,177.001531
32,MK25,25,445,1,NULL,NULL,NULL,2,NULL,NULL,NULL,-37.984284,177.002943
33,MK26,25,446,1,NULL,NULL,NULL,2,NULL,NULL,NULL,-37.983195,177.003911
34,MK27,25,447,1,NULL,NULL,NULL,2,NULL,NULL,NULL,-37.981782,177.004196
35,MK28,25,448,1,NULL,NULL,NULL,2,NULL,NULL,NULL,-37.980418,177.004573
36,MK29,25,449,1,NULL,NULL,NULL,2,NULL,NULL,NULL,-37.979411,177.005365
140,MK30,25,450,1,NULL,NULL,NULL,2,NULL,NULL,NULL,-37.978961,177.006336
1645,MK30A,25,451,1,NULL,NULL,NULL,2,NULL,NULL,NULL,,
1646,MK30B,25,452,1,NULL,NULL,NULL,2,NULL,NULL,NULL,,
141,MK31,25,453,1,NULL,NULL,1007,2,NULL,NULL,NULL,-37.977509,177.006572
142,MK32,25,454,1,NULL,NULL,NULL,2,NULL,NULL,NULL,-37.976202,177.007099
143,MK33,25,455,1,NULL,NULL,NULL,2,NULL,NULL,NULL,-37.976335,177.008814
144,MK34,25,456,1,NULL,NULL,NULL,1,NULL,NULL,NULL,-37.975227,177.009478
145,MK35,25,457,1,NULL,NULL,NULL,2,NULL,NULL,NULL,-37.973891,177.008971
146,MK36,25,458,1,NULL,NULL,NULL,2,NULL,NULL,NULL,-37.972503,177.008033
147,MK37,25,459,1,NULL,NULL,NULL,1,NULL,NULL,NULL,-37.971134,177.007943
148,MK38,25,460,1,NULL,NULL,NULL,1,NULL,NULL,NULL,-37.969304,177.008031
149,MK39,25,461,1,NULL,NULL,NULL,1,NULL,NULL,NULL,-37.969284,177.006259
150,MK40,25,462,1,NULL,NULL,1039,1,NULL,NULL,NULL,-37.968839,177.005239
46,MK41,25,463,1,NULL,NULL,NULL,2,NULL,NULL,NULL,-37.968388,177.004215
47,MK42,25,464,1,NULL,NULL,NULL,2,NULL,NULL,NULL,-37.968375,177.003225
48,MK43,25,465,1,NULL,NULL,NULL,2,NULL,NULL,NULL,-37.967161,177.002469
49,MK44,25,466,1,NULL,NULL,NULL,2,NULL,NULL,NULL,-37.966009,177.002856
50,MK45,25,467,1,NULL,NULL,1036,2,NULL,NULL,NULL,-37.964796,177.002342
51,MK46,25,468,1,NULL,NULL,NULL,2,NULL,NULL,NULL,-37.965417,177.000025
52,MK47,25,469,1,NULL,NULL,1033,2,NULL,NULL,NULL,-37.964607,176.998191
53,MK48,25,470,1,NULL,NULL,1025,2,NULL,NULL,NULL,-37.963463,176.996543
45,MK49,25,471,1,NULL,NULL,NULL,2,NULL,NULL,NULL,-37.96979,177.004077
44,MK50,25,472,1,NULL,NULL,1049,2,NULL,NULL,NULL,-37.97001,177.002539
43,MK51,25,473,1,NULL,NULL,NULL,2,NULL,NULL,NULL,-37.970624,177.001018
42,MK52,25,474,1,NULL,NULL,NULL,2,NULL,NULL,NULL,-37.972541,177.001202
41,MK53,25,475,1,NULL,NULL,1018,2,NULL,NULL,NULL,-37.974029,177.000631
40,MK54,25,476,1,NULL,NULL,1012,2,NULL,NULL,NULL,-37.975527,177.001219
39,MK55,25,477,1,NULL,NULL,NULL,2,NULL,NULL,NULL,-37.976918,177.00144
38,MK56,25,478,1,NULL,NULL,NULL,2,NULL,NULL,NULL,-37.978467,177.001569
37,MK57,25,479,1,NULL,NULL,NULL,2,NULL,NULL,NULL,-37.978901,177.003123
2313,MK58,25,480,1,NULL,NULL,NULL,1,NULL,NULL,NULL,,
2314,MK59,25,481,1,NULL,NULL,NULL,1,NULL,NULL,NULL,,
2315,MK60,25,482,1,NULL,NULL,NULL,1,NULL,NULL,NULL,,
2316,MK61,25,483,1,NULL,NULL,NULL,1,NULL,NULL,NULL,,
2317,MK62,25,486,1,NULL,NULL,NULL,1,NULL,NULL,NULL,,
2326,MK63,25,484,1,NULL,NULL,NULL,1,NULL,NULL,NULL,-37.980088,176.996901
2327,MK64,25,485,1,NULL,NULL,NULL,1,NULL,NULL,NULL,-37.97911,176.99759
2328,MK65,25,487,1,NULL,NULL,NULL,1,NULL,NULL,NULL,-37.9778897,176.9978231
2329,MK66,25,488,1,NULL,NULL,1056,1,NULL,NULL,NULL,-37.976651,176.998383
2330,MK67,25,489,1,NULL,NULL,NULL,1,NULL,NULL,NULL,-37.976688,177.000072
2331,MK68,25,490,1,NULL,NULL,NULL,1,NULL,NULL,NULL,-37.975812,177.000759
2332,MK69,25,491,1,NULL,NULL,NULL,1,NULL,NULL,NULL,-37.975086,177.000566
2333,MK70,25,492,1,NULL,NULL,NULL,1,NULL,NULL,NULL,-37.974484,176.998594
2334,MK71,25,493,1,NULL,NULL,NULL,1,NULL,NULL,NULL,-37.9732769,176.9980477
2357,MK72,25,494,1,NULL,NULL,NULL,1,NULL,NULL,NULL,,
2358,MK73,25,495,1,NULL,NULL,NULL,1,NULL,NULL,NULL,,
2359,MK74,25,496,1,NULL,NULL,NULL,1,NULL,NULL,NULL,,
2360,MK74A,25,497,1,NULL,NULL,NULL,1,NULL,NULL,NULL,,
2361,MK75,25,498,1,NULL,NULL,NULL,1,NULL,NULL,NULL,,
2362,MK76,25,499,1,NULL,NULL,NULL,1,NULL,NULL,NULL,,
2363,MK77,25,500,1,NULL,NULL,NULL,1,NULL,NULL,NULL,,
2364,MK78,25,501,1,NULL,NULL,NULL,1,NULL,NULL,NULL,,
2365,MK79,25,502,1,NULL,NULL,NULL,1,NULL,NULL,NULL,,
2366,MK80,25,503,1,NULL,NULL,NULL,1,NULL,NULL,NULL,,
2367,MK81,25,504,1,NULL,NULL,NULL,1,NULL,NULL,NULL,,
3771,MO01,197,1,1,NULL,NULL,NULL,NULL,NULL,NULL,NULL,,
3772,MO02,197,2,1,NULL,NULL,NULL,NULL,NULL,NULL,NULL,,
3773,MO03,197,3,1,NULL,NULL,NULL,NULL,NULL,NULL,NULL,,
3774,MO04,197,4,1,NULL,NULL,NULL,NULL,NULL,NULL,NULL,,
3775,MO05,197,5,1,NULL,NULL,NULL,NULL,NULL,NULL,NULL,,
3776,MO06,197,6,1,NULL,NULL,NULL,NULL,NULL,NULL,NULL,,
3777,MO07,197,7,1,NULL,NULL,NULL,NULL,NULL,NULL,NULL,,
3778,MO08,197,8,1,NULL,NULL,NULL,NULL,NULL,NULL,NULL,,
3779,MO09,197,9,1,NULL,NULL,NULL,NULL,NULL,NULL,NULL,,
3780,MO10,197,10,1,NULL,NULL,NULL,NULL,NULL,NULL,NULL,,
3781,MO11,197,11,1,NULL,NULL,NULL,NULL,NULL,NULL,NULL,,
282,MR01,4,70,1,NULL,NULL,NULL,2,NULL,NULL,NULL,-37.984336,177.031854
283,MR02,4,71,1,NULL,NULL,1003,2,NULL,NULL,NULL,-37.984066,177.033314
284,MR03,4,72,1,NULL,NULL,NULL,2,NULL,NULL,NULL,-37.98388,177.034796
285,MR04,4,73,1,NULL,NULL,NULL,2,NULL,NULL,NULL,-37.983604,177.035713
286,MR05,4,74,1,NULL,NULL,NULL,2,NULL,NULL,NULL,-37.982867,177.037202
287,MR06,4,75,1,NULL,NULL,NULL,2,NULL,NULL,NULL,-37.982323,177.038186
288,MR07,4,76,1,NULL,NULL,NULL,2,NULL,NULL,NULL,-37.981859,177.039417
289,MR08,4,77,1,NULL,NULL,NULL,2,NULL,NULL,NULL,-37.98171,177.040572
290,MR09,4,78,1,NULL,NULL,NULL,2,NULL,NULL,NULL,-37.98000438,177.0422857
291,MR10,4,79,1,NULL,NULL,NULL,2,NULL,NULL,NULL,-37.979715,177.042947
292,MR11,4,80,1,NULL,NULL,NULL,2,NULL,NULL,NULL,-37.97947,177.044891
293,MR12,4,81,1,NULL,NULL,NULL,2,NULL,NULL,NULL,-37.98096634,177.0468846
294,MR13,4,82,1,NULL,NULL,NULL,2,NULL,NULL,NULL,-37.98018521,177.0479287
295,MR14,4,83,1,NULL,NULL,NULL,2,NULL,NULL,NULL,-37.97916599,177.0490943
296,MR15,4,84,1,NULL,NULL,NULL,1,NULL,NULL,NULL,-37.97791129,177.0503267
297,MR16,4,85,1,NULL,NULL,NULL,2,NULL,NULL,NULL,-37.977417,177.050926
298,MR17,4,86,1,NULL,NULL,NULL,2,NULL,NULL,NULL,-37.97510364,177.0531353
299,MR18,4,87,1,NULL,NULL,1041,2,NULL,NULL,NULL,-37.975136,177.053225
300,MR19,4,88,1,NULL,NULL,NULL,2,NULL,NULL,NULL,-37.974307,177.054682
301,MR20,4,89,1,NULL,NULL,NULL,2,NULL,NULL,NULL,-37.97304,177.055941
352,MT01,8,130,1,NULL,NULL,1045,1,NULL,NULL,NULL,-37.964351,177.033364
353,MT02,8,131,1,NULL,NULL,NULL,1,NULL,NULL,NULL,-37.96508,177.031984
354,MT03,8,132,1,NULL,NULL,1050,1,NULL,NULL,NULL,-37.965339,177.031671
355,MT04,8,133,1,NULL,NULL,1064,1,NULL,NULL,NULL,-37.96625,177.031868
356,MT05,8,134,1,NULL,NULL,NULL,1,NULL,NULL,NULL,-37.966505,177.03147
357,MT06,8,135,1,NULL,NULL,1062,1,NULL,NULL,NULL,-37.966604,177.03056
358,MT07,8,136,1,NULL,NULL,NULL,1,NULL,NULL,NULL,-37.967551,177.030905
359,MT08,8,137,1,NULL,NULL,NULL,1,NULL,NULL,NULL,-37.967624,177.031528
360,MT09,8,138,1,NULL,NULL,NULL,1,NULL,NULL,NULL,-37.967448,177.033218
3669,MT09a,8,139,1,NULL,NULL,NULL,1,NULL,NULL,NULL,,
361,MT10,8,140,1,NULL,NULL,NULL,1,NULL,NULL,NULL,-37.967783,177.033479
362,MT11,8,141,1,NULL,NULL,NULL,1,NULL,NULL,NULL,-37.968141,177.033094
2665,MT11a,8,142,1,NULL,NULL,NULL,1,NULL,NULL,NULL,,
363,MT12,8,143,1,NULL,NULL,NULL,1,NULL,NULL,NULL,-37.968905,177.030637
364,MT13,8,144,1,NULL,NULL,NULL,1,NULL,NULL,NULL,-37.970419,177.029356
365,MT14,8,145,1,NULL,NULL,NULL,1,NULL,NULL,NULL,-37.971047,177.028309
366,MT15,8,146,1,NULL,NULL,NULL,1,NULL,NULL,NULL,-37.971386,177.027125
367,MT16,8,147,1,NULL,NULL,NULL,1,NULL,NULL,NULL,-37.97163,177.026231
368,MT17,8,148,1,NULL,NULL,NULL,1,NULL,NULL,NULL,-37.972277,177.025141
369,MT18,8,149,1,NULL,NULL,NULL,1,NULL,NULL,NULL,-37.97254,177.023967
3625,OP01,186,1,1,NULL,NULL,NULL,2,NULL,NULL,NULL,,
3626,OP02,186,2,1,NULL,NULL,NULL,2,NULL,NULL,NULL,,
3627,OP03,186,3,1,NULL,NULL,NULL,2,NULL,NULL,NULL,,
3628,OP04,186,4,1,NULL,NULL,NULL,2,NULL,NULL,NULL,,
3629,OP05,186,5,1,NULL,NULL,NULL,2,NULL,NULL,NULL,,
3630,OP06,186,6,1,NULL,NULL,NULL,2,NULL,NULL,NULL,,
3631,OP07,186,7,1,NULL,NULL,NULL,2,NULL,NULL,NULL,,
3632,OP08,186,8,1,NULL,NULL,NULL,2,NULL,NULL,NULL,,
3633,OP09,186,9,1,NULL,NULL,NULL,2,NULL,NULL,NULL,,
3634,OP10,186,10,1,NULL,NULL,NULL,2,NULL,NULL,NULL,,
3635,OP11,186,11,1,NULL,NULL,NULL,2,NULL,NULL,NULL,,
3636,OP12,186,12,1,NULL,NULL,NULL,2,NULL,NULL,NULL,,
1100,OS01,78,204,1,NULL,NULL,NULL,1,NULL,NULL,NULL,-37.97191526,177.0453493
1101,OS02,78,205,1,NULL,NULL,NULL,1,NULL,NULL,NULL,-37.97263702,177.044292
1102,OS03,78,206,1,NULL,NULL,NULL,1,NULL,NULL,NULL,-37.97341201,177.0428516
1103,OS04,78,207,1,NULL,NULL,NULL,1,NULL,NULL,NULL,-37.97415096,177.0421138
1104,OS05,78,208,1,NULL,NULL,NULL,1,NULL,NULL,NULL,-37.9748625,177.0410977
1105,OS06,78,209,1,NULL,NULL,NULL,1,NULL,NULL,NULL,-37.9755064,177.0399345
1106,OS07,78,210,1,NULL,NULL,NULL,1,NULL,NULL,NULL,-37.97624652,177.0392909
1107,OS08,78,211,1,NULL,NULL,NULL,1,NULL,NULL,NULL,-37.97687659,177.0383573
1108,OS09,78,212,1,NULL,NULL,NULL,1,NULL,NULL,NULL,-37.97754471,177.0375851
382,OV01,10,163,1,NULL,NULL,NULL,2,NULL,NULL,NULL,-37.968353,177.033468
383,OV02,10,164,1,NULL,NULL,NULL,2,NULL,NULL,NULL,-37.968996,177.034274
384,OV03,10,165,1,NULL,NULL,NULL,2,NULL,NULL,NULL,-37.969784,177.034273
385,OV04,10,166,1,NULL,NULL,NULL,2,NULL,NULL,NULL,-37.969802,177.035104
386,OV05,10,167,1,NULL,NULL,NULL,2,NULL,NULL,NULL,-37.969017,177.035682
387,OV06,10,168,1,NULL,NULL,NULL,2,NULL,NULL,NULL,-37.969534,177.036748
388,OV07,10,169,1,NULL,NULL,NULL,2,NULL,NULL,NULL,-37.970138,177.038353
545,OV08,10,170,1,NULL,NULL,NULL,2,NULL,NULL,NULL,-37.970258,177.039618
54,OV09,10,171,1,NULL,NULL,NULL,2,NULL,NULL,NULL,-37.970446,177.040762
55,OV10,10,172,1,NULL,NULL,NULL,2,NULL,NULL,NULL,-37.970612,177.041991
56,OV11,10,173,1,NULL,NULL,NULL,2,NULL,NULL,NULL,-37.971015,177.042945
57,OV12,10,174,1,NULL,NULL,NULL,2,NULL,NULL,NULL,-37.971282,177.044104
546,OV12a,10,176,1,NULL,NULL,NULL,2,NULL,NULL,NULL,,
58,OV13,10,175,1,NULL,NULL,NULL,2,NULL,NULL,NULL,-37.972263,177.045866
59,OV14,10,177,1,NULL,NULL,NULL,2,NULL,NULL,NULL,-37.972836,177.04646
60,OV15,10,225,1,NULL,NULL,NULL,2,NULL,NULL,NULL,-37.973586,177.046491
61,OV16,10,224,1,NULL,NULL,NULL,2,NULL,NULL,NULL,-37.974297,177.045662
62,OV17,10,223,1,NULL,NULL,NULL,2,NULL,NULL,NULL,-37.974882,177.044982
63,OV18,10,222,1,NULL,NULL,NULL,2,NULL,NULL,NULL,-37.975635,177.044369
64,OV19,10,221,1,NULL,NULL,NULL,2,NULL,NULL,NULL,-37.975928,177.043468
65,OV20,10,220,1,NULL,NULL,NULL,2,NULL,NULL,NULL,-37.97633,177.042337
66,OV21,10,219,1,NULL,NULL,NULL,2,NULL,NULL,NULL,-37.976566,177.041327
67,OV22,10,218,1,NULL,NULL,NULL,2,NULL,NULL,NULL,-37.976983,177.040247
68,OV23,10,217,1,NULL,NULL,NULL,2,NULL,NULL,NULL,-37.977519,177.039607
69,OV24,10,216,1,NULL,NULL,NULL,2,NULL,NULL,NULL,-37.978386,177.038891
70,OV25,10,215,1,NULL,NULL,NULL,2,NULL,NULL,NULL,,
453,OV26,10,189,1,NULL,NULL,1035,2,NULL,NULL,NULL,-37.979076,177.03937
454,OV27,10,190,1,NULL,NULL,NULL,2,NULL,NULL,NULL,-37.979347,177.04028
455,OV28,10,191,1,NULL,NULL,NULL,2,NULL,NULL,NULL,-37.980297,177.0404
456,OV29,10,192,1,NULL,NULL,NULL,2,NULL,NULL,NULL,-37.981007,177.04065
972,PA01,62,662,1,NULL,NULL,NULL,1,NULL,NULL,NULL,-37.98702057,176.9892
973,PA02,62,663,1,NULL,NULL,NULL,1,NULL,NULL,NULL,-37.98403762,176.9910981
974,PA03,62,664,1,NULL,NULL,NULL,1,NULL,NULL,NULL,-37.98344509,176.991305
975,PA04,62,665,1,NULL,NULL,NULL,1,NULL,NULL,NULL,-37.98325258,176.9927285
976,PA05,62,666,1,NULL,NULL,1041,1,NULL,NULL,NULL,-37.98457303,176.9936309
1710,PE01,118,764,1,NULL,NULL,NULL,1,NULL,NULL,NULL,,
1711,PE02,118,765,1,NULL,NULL,NULL,1,NULL,NULL,NULL,,
1712,PE03,118,766,1,NULL,NULL,NULL,1,NULL,NULL,NULL,,
1713,PE04a,118,767,1,NULL,NULL,NULL,1,NULL,NULL,NULL,,
1714,PE04b,118,768,1,NULL,NULL,NULL,1,NULL,NULL,NULL,,
1715,PE05a,118,769,1,NULL,NULL,NULL,1,NULL,NULL,NULL,,
1716,PE05b,118,770,1,NULL,NULL,NULL,1,NULL,NULL,NULL,,
1717,PE06,118,771,1,NULL,NULL,NULL,1,NULL,NULL,NULL,,
1718,PE07,118,772,1,NULL,NULL,NULL,1,NULL,NULL,NULL,,
3023,PK01,155,1,1,NULL,NULL,NULL,NULL,NULL,NULL,NULL,-37.96662897,177.0405353
3024,PK02,155,2,1,NULL,NULL,1059,NULL,NULL,NULL,NULL,-37.96743382,177.0417514
3025,PK03,155,3,1,NULL,NULL,1059,NULL,NULL,NULL,NULL,-37.96807917,177.0439373
3026,PK04,155,4,1,NULL,NULL,NULL,NULL,NULL,NULL,NULL,-37.96823004,177.0450493
3027,PK05,155,5,1,NULL,NULL,NULL,NULL,NULL,NULL,NULL,-37.96867873,177.0466669
3028,PK06,155,6,1,NULL,NULL,NULL,NULL,NULL,NULL,NULL,-37.96947689,177.0475527
3029,PK07,155,7,1,NULL,NULL,NULL,NULL,NULL,NULL,NULL,-37.96962003,177.0454898
3030,PK08,155,8,1,NULL,NULL,NULL,NULL,NULL,NULL,NULL,-37.9691631,177.0443723
3031,PK09,155,9,1,NULL,NULL,NULL,NULL,NULL,NULL,NULL,-37.96897041,177.0429053
3032,PK10,155,10,1,NULL,NULL,NULL,NULL,NULL,NULL,NULL,-37.96984366,177.0418724
3033,PK11,155,11,1,NULL,NULL,NULL,NULL,NULL,NULL,NULL,-37.96917993,177.0417904
3034,PK12,155,12,1,NULL,NULL,NULL,NULL,NULL,NULL,NULL,-37.96871164,177.0410024
3035,PK13,155,13,1,NULL,NULL,NULL,NULL,NULL,NULL,NULL,-37.96862366,177.0396322
3036,PK14,155,14,1,NULL,NULL,NULL,NULL,NULL,NULL,NULL,-37.96723482,177.0391577
3037,PK15,155,15,1,NULL,NULL,NULL,NULL,NULL,NULL,NULL,-37.97079722,177.0492297
3038,PK16,155,16,1,NULL,NULL,NULL,NULL,NULL,NULL,NULL,-37.97034798,177.0507638
3039,PK17,155,17,1,NULL,NULL,NULL,NULL,NULL,NULL,NULL,-37.97055351,177.0518561
3040,PK18,155,18,1,NULL,NULL,NULL,NULL,NULL,NULL,NULL,-37.97140238,177.0533592
3041,PK19,155,19,1,NULL,NULL,NULL,NULL,NULL,NULL,NULL,-37.97174816,177.0548234
3042,PK20,155,20,1,NULL,NULL,NULL,NULL,NULL,NULL,NULL,-37.97257871,177.0555518
1659,RF01,115,740,1,NULL,NULL,NULL,2,NULL,NULL,NULL,,
1660,RF02,115,741,1,NULL,NULL,NULL,2,NULL,NULL,NULL,,
1661,RF03,115,742,1,NULL,NULL,NULL,2,NULL,NULL,NULL,,
1662,RF04,115,743,1,NULL,NULL,NULL,2,NULL,NULL,NULL,,
1663,RF05,115,744,1,NULL,NULL,NULL,2,NULL,NULL,NULL,,
1664,RF06,115,745,1,NULL,NULL,NULL,2,NULL,NULL,NULL,,
1665,RF07,115,746,1,NULL,NULL,NULL,2,NULL,NULL,NULL,,
1666,RF08,115,747,1,NULL,NULL,NULL,2,NULL,NULL,NULL,,
1667,RF09,115,748,1,NULL,NULL,NULL,2,NULL,NULL,NULL,,
1668,RF10,115,749,1,NULL,NULL,NULL,2,NULL,NULL,NULL,,
1669,RF11,115,750,1,NULL,NULL,NULL,2,NULL,NULL,NULL,,
1670,RF12,115,751,1,NULL,NULL,NULL,2,NULL,NULL,NULL,,
1671,RF13,115,752,1,NULL,NULL,NULL,2,NULL,NULL,NULL,,
1672,RF14,115,753,1,NULL,NULL,NULL,2,NULL,NULL,NULL,,
1673,RF15,115,754,1,NULL,NULL,NULL,2,NULL,NULL,NULL,,
1674,RF16,115,755,1,NULL,NULL,NULL,2,NULL,NULL,NULL,,
1675,RF17,115,756,1,NULL,NULL,NULL,2,NULL,NULL,NULL,,
1676,RF18,115,757,1,NULL,NULL,NULL,2,NULL,NULL,NULL,,
1677,RF19,115,758,1,NULL,NULL,NULL,2,NULL,NULL,NULL,,
1678,RF20,115,759,1,NULL,NULL,NULL,2,NULL,NULL,NULL,,
2140,RF21,115,760,1,NULL,NULL,NULL,2,NULL,NULL,NULL,,
2157,RF22,115,761,1,NULL,NULL,NULL,2,NULL,NULL,NULL,,
2207,RF23,115,762,1,NULL,NULL,NULL,2,NULL,NULL,NULL,,
2208,RF24,115,763,1,NULL,NULL,NULL,2,NULL,NULL,NULL,,
1017,RUS1,69,706,1,NULL,NULL,1002,1,NULL,NULL,NULL,,
547,SF01,33,576,1,NULL,NULL,NULL,1,NULL,NULL,NULL,-37.97490777,177.0310368
548,SF02,33,577,1,NULL,NULL,NULL,1,NULL,NULL,NULL,-37.9743248,177.0312282
549,SF03,33,578,1,NULL,NULL,NULL,1,NULL,NULL,NULL,-37.9740342,177.0302725
550,SF04,33,579,1,NULL,NULL,NULL,1,NULL,NULL,NULL,-37.97406949,177.0296958
551,SF05,33,580,1,NULL,NULL,1060,1,NULL,NULL,NULL,-37.974201,177.0289144
2673,SM1,145,1,1,NULL,NULL,NULL,NULL,NULL,NULL,NULL,,
2674,SM2,145,2,1,NULL,NULL,NULL,NULL,NULL,NULL,NULL,,
2675,SM3,145,3,1,NULL,NULL,NULL,NULL,NULL,NULL,NULL,,
240,SP01,2,27,1,NULL,NULL,NULL,2,NULL,NULL,NULL,-37.992669,177.03361
241,SP02,2,28,1,NULL,NULL,NULL,2,NULL,NULL,NULL,-37.991357,177.033457
242,SP03,2,29,1,NULL,NULL,NULL,2,NULL,NULL,NULL,-37.990415,177.034753
243,SP04,2,30,1,NULL,NULL,NULL,2,NULL,NULL,NULL,-37.989977,177.036364
244,SP05,2,31,1,NULL,NULL,NULL,2,NULL,NULL,NULL,-37.989293,177.037846
245,SP06,2,32,1,NULL,NULL,NULL,2,NULL,NULL,NULL,-37.989997,177.039345
246,SP07,2,33,1,NULL,NULL,NULL,2,NULL,NULL,NULL,-37.990266,177.041894
247,SP08,2,34,1,NULL,NULL,NULL,2,NULL,NULL,NULL,-37.990695,177.043612
248,SP09,2,35,1,NULL,NULL,NULL,2,NULL,NULL,NULL,-37.992005,177.043793
249,SP10,2,36,1,NULL,NULL,NULL,2,NULL,NULL,NULL,-37.993014,177.044226
250,SP11,2,37,1,NULL,NULL,NULL,2,NULL,NULL,NULL,-37.99445,177.044763
251,SP12,2,38,1,NULL,NULL,NULL,2,NULL,NULL,NULL,-37.994049,177.046288
252,SP13,2,39,1,NULL,NULL,NULL,2,NULL,NULL,NULL,-37.993374,177.047741
253,SP14,2,40,1,NULL,NULL,NULL,2,NULL,NULL,NULL,-37.991976,177.048921
254,SP15,2,41,1,NULL,NULL,NULL,2,NULL,NULL,NULL,-37.990649,177.050081
255,SP16,2,42,1,NULL,NULL,NULL,2,NULL,NULL,NULL,-37.98967,177.05181
256,SP17,2,43,1,NULL,NULL,NULL,2,NULL,NULL,NULL,-37.988704,177.0534
257,SP18,2,44,1,NULL,NULL,NULL,2,NULL,NULL,NULL,-37.988489,177.05503
258,SP19,2,45,1,NULL,NULL,NULL,2,NULL,NULL,NULL,-37.99052,177.055029
259,SP20,2,46,1,NULL,NULL,NULL,2,NULL,NULL,NULL,-37.990698,177.057267
260,SP21,2,47,1,NULL,NULL,NULL,2,NULL,NULL,NULL,-37.990823,177.059417
261,SP22,2,48,1,NULL,NULL,NULL,2,NULL,NULL,NULL,-37.991948,177.060849
1470,SP23,2,49,1,NULL,NULL,NULL,2,NULL,NULL,NULL,-37.993247,177.059342
3751,SP24,2,50,1,NULL,NULL,NULL,NULL,NULL,NULL,NULL,,
3752,SP25,2,51,1,NULL,NULL,NULL,NULL,NULL,NULL,NULL,,
87,SS01,11,193,1,NULL,NULL,NULL,1,NULL,NULL,NULL,-37.97869661,177.0285437
88,SS02,11,194,1,NULL,NULL,NULL,1,NULL,NULL,NULL,-37.979477,177.028739
89,SS03,11,195,1,NULL,NULL,1023,1,NULL,NULL,NULL,-37.979649,177.02973
1112,SS04,11,196,1,NULL,NULL,NULL,1,NULL,NULL,NULL,-37.980034,177.030203
90,SS05,11,197,1,NULL,NULL,NULL,1,NULL,NULL,NULL,-37.980028,177.031084
91,SS06,11,198,1,NULL,NULL,NULL,1,NULL,NULL,NULL,-37.980174,177.03174
92,SS07,11,199,1,NULL,NULL,NULL,1,NULL,NULL,NULL,-37.98017,177.032912
93,SS08,11,200,1,NULL,NULL,NULL,1,NULL,NULL,NULL,-37.979991,177.034063
94,SS09,11,201,1,NULL,NULL,NULL,1,NULL,NULL,NULL,-37.979675,177.034795
95,SS10,11,202,1,NULL,NULL,NULL,1,NULL,NULL,NULL,-37.979106,177.035502
96,SS11,11,213,1,NULL,NULL,NULL,1,NULL,NULL,NULL,-37.97781188,177.0375193
2770,SS11a,11,214,1,NULL,NULL,NULL,1,NULL,NULL,NULL,-37.97836541,177.0384486
97,SS12,11,205,1,NULL,NULL,NULL,1,NULL,NULL,NULL,-37.979092,177.038253
446,SS13,11,206,1,NULL,NULL,NULL,1,NULL,NULL,NULL,-37.979702,177.03741
447,SS14,11,207,1,NULL,NULL,NULL,1,NULL,NULL,NULL,-37.980038,177.03638
448,SS15,11,208,1,NULL,NULL,NULL,1,NULL,NULL,NULL,-37.980553,177.03548
449,SS16,11,209,1,NULL,NULL,NULL,1,NULL,NULL,NULL,-37.98085,177.03448
450,SS17,11,210,1,NULL,NULL,NULL,1,NULL,NULL,NULL,-37.980972,177.03352
451,SS18,11,211,1,NULL,NULL,NULL,1,NULL,NULL,NULL,-37.98095,177.03235
452,SS19,11,212,1,NULL,NULL,NULL,1,NULL,NULL,NULL,-37.9811,177.03139
6,SS20,11,213,1,NULL,NULL,NULL,1,NULL,NULL,NULL,,
5,SS21,11,214,1,NULL,NULL,NULL,1,NULL,NULL,NULL,,
4,SS22,11,215,1,NULL,NULL,NULL,1,NULL,NULL,NULL,-37.981693,177.02951
3,SS23,11,216,1,NULL,NULL,NULL,1,NULL,NULL,NULL,-37.98272,177.02971
2,SS24,11,217,1,NULL,NULL,NULL,1,NULL,NULL,NULL,-37.98366,177.0306
931,ST01,61,601,1,NULL,NULL,NULL,2,NULL,NULL,NULL,-38.0433556,177.1136758
932,ST02,61,602,1,NULL,NULL,NULL,2,NULL,NULL,NULL,-38.044703,177.113429
933,ST03,61,603,1,NULL,NULL,NULL,2,NULL,NULL,NULL,-38.0436436,177.1123932
934,ST04,61,604,1,NULL,NULL,NULL,2,NULL,NULL,NULL,-38.0439047,177.1107484
935,ST05,61,605,1,NULL,NULL,NULL,2,NULL,NULL,NULL,-38.0435521,177.1091148
936,ST06,61,606,1,NULL,NULL,NULL,2,NULL,NULL,NULL,-38.0428314,177.107721
937,ST07,61,607,1,NULL,NULL,NULL,2,NULL,NULL,NULL,-38.0420533,177.1063027
938,ST08,61,608,1,NULL,NULL,NULL,2,NULL,NULL,NULL,-38.0431611,177.10523
939,ST09,61,609,1,NULL,NULL,NULL,2,NULL,NULL,NULL,-38.0440439,177.1039347
940,ST10,61,610,1,NULL,NULL,NULL,2,NULL,NULL,NULL,-38.0449309,177.1025319
3470,ST100,61,700,1,NULL,NULL,NULL,NULL,NULL,NULL,NULL,,
3469,ST101,61,701,1,NULL,NULL,NULL,NULL,NULL,NULL,NULL,,
3468,ST102,61,702,1,NULL,NULL,NULL,NULL,NULL,NULL,NULL,,
3467,ST103,61,703,1,NULL,NULL,NULL,NULL,NULL,NULL,NULL,,
941,ST11,61,611,1,NULL,NULL,NULL,2,NULL,NULL,NULL,-38.0448662,177.1010939
942,ST12,61,612,1,NULL,NULL,NULL,2,NULL,NULL,NULL,-38.0435784,177.1007014
943,ST13,61,613,1,NULL,NULL,NULL,2,NULL,NULL,NULL,-38.0440076,177.0995942
944,ST14,61,614,1,NULL,NULL,NULL,2,NULL,NULL,NULL,-38.0438039,177.0979078
945,ST15,61,615,1,NULL,NULL,NULL,2,NULL,NULL,NULL,-38.0432328,177.0962842
946,ST16,61,616,1,NULL,NULL,NULL,2,NULL,NULL,NULL,-38.0420547,177.0955213
947,ST17,61,617,1,NULL,NULL,NULL,2,NULL,NULL,NULL,-38.0407587,177.0949588
948,ST18,61,618,1,NULL,NULL,NULL,2,NULL,NULL,NULL,-38.0396586,177.0940418
949,ST19,61,619,1,NULL,NULL,NULL,2,NULL,NULL,NULL,-38.0390778,177.0924826
950,ST20,61,620,1,NULL,NULL,NULL,2,NULL,NULL,NULL,-38.0394122,177.0907691
951,ST21,61,621,1,NULL,NULL,NULL,2,NULL,NULL,NULL,-38.0399147,177.0891944
952,ST22,61,622,1,NULL,NULL,NULL,2,NULL,NULL,NULL,-38.0411332,177.0882665
953,ST23,61,623,1,NULL,NULL,NULL,2,NULL,NULL,NULL,,
954,ST24,61,624,1,NULL,NULL,NULL,2,NULL,NULL,NULL,-38.0419359,177.085153
955,ST25,61,625,1,NULL,NULL,NULL,2,NULL,NULL,NULL,-38.0427834,177.0837732
956,ST26,61,626,1,NULL,NULL,NULL,2,NULL,NULL,NULL,-38.0426703,177.0820946
957,ST27,61,627,1,NULL,NULL,NULL,2,NULL,NULL,NULL,-38.043072,177.0803914
958,ST28,61,628,1,NULL,NULL,NULL,2,NULL,NULL,NULL,-38.0435023,177.0787741
959,ST29,61,629,1,NULL,NULL,NULL,2,NULL,NULL,NULL,-38.0427213,177.0770069
960,ST30,61,630,1,NULL,NULL,NULL,2,NULL,NULL,NULL,-38.042791,177.074887
961,ST31,61,631,1,NULL,NULL,NULL,2,NULL,NULL,NULL,-38.0442922,177.0748892
962,ST32,61,632,1,NULL,NULL,NULL,2,NULL,NULL,NULL,-38.0456388,177.0745955
963,ST33,61,633,1,NULL,NULL,NULL,2,NULL,NULL,NULL,-38.0469713,177.0739129
964,ST34,61,634,1,NULL,NULL,NULL,2,NULL,NULL,NULL,-38.0483981,177.074212
965,ST35,61,635,1,NULL,NULL,NULL,2,NULL,NULL,NULL,-38.0497836,177.0750892
966,ST36,61,636,1,NULL,NULL,NULL,2,NULL,NULL,NULL,-38.0512331,177.0755249
967,ST37,61,637,1,NULL,NULL,NULL,2,NULL,NULL,NULL,-38.0525461,177.0754975
968,ST38,61,638,1,NULL,NULL,NULL,2,NULL,NULL,NULL,-38.0539756,177.0752715
969,ST39,61,639,1,NULL,NULL,NULL,2,NULL,NULL,NULL,-38.0551441,177.0762585
970,ST40,61,640,1,NULL,NULL,NULL,2,NULL,NULL,NULL,-38.0566344,177.0759887
971,ST41,61,641,1,NULL,NULL,NULL,2,NULL,NULL,NULL,,
2118,ST42,61,642,1,NULL,NULL,NULL,2,NULL,NULL,NULL,,
2119,ST43,61,643,1,NULL,NULL,NULL,2,NULL,NULL,NULL,,
2120,ST44,61,644,1,NULL,NULL,NULL,2,NULL,NULL,NULL,,
2121,ST45,61,645,1,NULL,NULL,NULL,2,NULL,NULL,NULL,,
2122,ST46,61,646,1,NULL,NULL,NULL,2,NULL,NULL,NULL,,
2123,ST47,61,647,1,NULL,NULL,NULL,2,NULL,NULL,NULL,,
2124,ST48,61,648,1,NULL,NULL,NULL,2,NULL,NULL,NULL,,
2125,ST49,61,649,1,NULL,NULL,NULL,2,NULL,NULL,NULL,,
2126,ST50,61,650,1,NULL,NULL,NULL,2,NULL,NULL,NULL,,
2127,ST51,61,651,1,NULL,NULL,NULL,2,NULL,NULL,NULL,,
2128,ST52,61,652,1,NULL,NULL,NULL,2,NULL,NULL,NULL,,
2129,ST53,61,653,1,NULL,NULL,NULL,2,NULL,NULL,NULL,,
2130,ST54,61,654,1,NULL,NULL,NULL,2,NULL,NULL,NULL,,
2131,ST55,61,655,1,NULL,NULL,NULL,2,NULL,NULL,NULL,,
2132,ST56,61,656,1,NULL,NULL,NULL,2,NULL,NULL,NULL,,
2133,ST57,61,657,1,NULL,NULL,NULL,2,NULL,NULL,NULL,,
2134,ST58,61,658,1,NULL,NULL,NULL,2,NULL,NULL,NULL,,
2135,ST59,61,659,1,NULL,NULL,NULL,2,NULL,NULL,NULL,,
2136,ST60,61,660,1,NULL,NULL,NULL,2,NULL,NULL,NULL,,
2137,ST61,61,661,1,NULL,NULL,NULL,2,NULL,NULL,NULL,,
3508,ST62,61,662,1,NULL,NULL,NULL,NULL,NULL,NULL,NULL,,
3507,ST63,61,663,1,NULL,NULL,NULL,NULL,NULL,NULL,NULL,,
3506,ST64,61,664,1,NULL,NULL,NULL,NULL,NULL,NULL,NULL,,
3505,ST65,61,665,1,NULL,NULL,NULL,NULL,NULL,NULL,NULL,,
3504,ST66,61,666,1,NULL,NULL,NULL,NULL,NULL,NULL,NULL,,
3503,ST67,61,667,1,NULL,NULL,NULL,NULL,NULL,NULL,NULL,,
3502,ST68,61,668,1,NULL,NULL,NULL,NULL,NULL,NULL,NULL,,
3501,ST69,61,669,1,NULL,NULL,NULL,NULL,NULL,NULL,NULL,,
3500,ST70,61,670,1,NULL,NULL,NULL,NULL,NULL,NULL,NULL,,
3499,ST71,61,671,1,NULL,NULL,NULL,NULL,NULL,NULL,NULL,,
3498,ST72,61,672,1,NULL,NULL,NULL,NULL,NULL,NULL,NULL,,
3497,ST73,61,673,1,NULL,NULL,NULL,NULL,NULL,NULL,NULL,,
3496,ST74,61,674,1,NULL,NULL,NULL,NULL,NULL,NULL,NULL,,
3495,ST75,61,675,1,NULL,NULL,NULL,NULL,NULL,NULL,NULL,,
3494,ST76,61,676,1,NULL,NULL,NULL,NULL,NULL,NULL,NULL,,
3493,ST77,61,677,1,NULL,NULL,NULL,NULL,NULL,NULL,NULL,,
3492,ST78,61,678,1,NULL,NULL,NULL,NULL,NULL,NULL,NULL,,
3491,ST79,61,679,1,NULL,NULL,NULL,NULL,NULL,NULL,NULL,,
3490,ST80,61,680,1,NULL,NULL,NULL,NULL,NULL,NULL,NULL,,
3489,ST81,61,681,1,NULL,NULL,NULL,NULL,NULL,NULL,NULL,,
3488,ST82,61,682,1,NULL,NULL,NULL,NULL,NULL,NULL,NULL,,
3487,ST83,61,683,1,NULL,NULL,NULL,NULL,NULL,NULL,NULL,,
3486,ST84,61,684,1,NULL,NULL,NULL,NULL,NULL,NULL,NULL,,
3485,ST85,61,685,1,NULL,NULL,NULL,NULL,NULL,NULL,NULL,,
3484,ST86,61,686,1,NULL,NULL,NULL,NULL,NULL,NULL,NULL,,
3483,ST87,61,687,1,NULL,NULL,NULL,NULL,NULL,NULL,NULL,,
3482,ST88,61,688,1,NULL,NULL,NULL,NULL,NULL,NULL,NULL,,
3481,ST89,61,689,1,NULL,NULL,NULL,NULL,NULL,NULL,NULL,,
3480,ST90,61,690,1,NULL,NULL,NULL,NULL,NULL,NULL,NULL,,
3479,ST91,61,691,1,NULL,NULL,NULL,NULL,NULL,NULL,NULL,,
3478,ST92,61,692,1,NULL,NULL,NULL,NULL,NULL,NULL,NULL,,
3477,ST93,61,693,1,NULL,NULL,NULL,NULL,NULL,NULL,NULL,,
3476,ST94,61,694,1,NULL,NULL,NULL,NULL,NULL,NULL,NULL,,
3475,ST95,61,695,1,NULL,NULL,NULL,NULL,NULL,NULL,NULL,,
3474,ST96,61,696,1,NULL,NULL,NULL,NULL,NULL,NULL,NULL,,
3473,ST97,61,697,1,NULL,NULL,NULL,NULL,NULL,NULL,NULL,,
3472,ST98,61,698,1,NULL,NULL,NULL,NULL,NULL,NULL,NULL,,
3471,ST99,61,699,1,NULL,NULL,NULL,NULL,NULL,NULL,NULL,,
3670,SU01,190,1,1,NULL,NULL,NULL,NULL,NULL,NULL,NULL,,
3671,SU02,190,2,1,NULL,NULL,NULL,NULL,NULL,NULL,NULL,,
3672,SU03,190,3,1,NULL,NULL,NULL,NULL,NULL,NULL,NULL,,
3673,SU04,190,4,1,NULL,NULL,NULL,NULL,NULL,NULL,NULL,,
3674,SU05,190,5,1,NULL,NULL,NULL,NULL,NULL,NULL,NULL,,
3675,SU06,190,6,1,NULL,NULL,NULL,NULL,NULL,NULL,NULL,,
3676,SU07,190,7,1,NULL,NULL,NULL,NULL,NULL,NULL,NULL,,
3677,SU08,190,8,1,NULL,NULL,NULL,NULL,NULL,NULL,NULL,,
3678,SU09,190,9,1,NULL,NULL,NULL,NULL,NULL,NULL,NULL,,
3679,SU10,190,10,1,NULL,NULL,NULL,NULL,NULL,NULL,NULL,,
3680,SU11,190,11,1,NULL,NULL,NULL,NULL,NULL,NULL,NULL,,
3681,SU12,190,12,1,NULL,NULL,NULL,NULL,NULL,NULL,NULL,,
3682,SU13,190,13,1,NULL,NULL,NULL,NULL,NULL,NULL,NULL,,
3683,SU14,190,14,1,NULL,NULL,NULL,NULL,NULL,NULL,NULL,,
3684,SU15,190,15,1,NULL,NULL,NULL,NULL,NULL,NULL,NULL,,
3685,SU16,190,16,1,NULL,NULL,NULL,NULL,NULL,NULL,NULL,,
3686,SUKAT01,190,17,1,NULL,NULL,NULL,NULL,NULL,NULL,NULL,,
3687,SUKAT02,190,18,1,NULL,NULL,NULL,NULL,NULL,NULL,NULL,,
191,SV01,15,267,1,NULL,NULL,NULL,1,NULL,NULL,NULL,,
192,SV02,15,268,1,NULL,NULL,NULL,1,NULL,NULL,NULL,,
193,SV03,15,269,1,NULL,NULL,NULL,1,NULL,NULL,NULL,,
194,SV04,15,270,1,NULL,NULL,NULL,1,NULL,NULL,NULL,,
195,SV05,15,271,1,NULL,NULL,NULL,1,NULL,NULL,NULL,,
3637,SW1,187,1,1,NULL,NULL,NULL,2,NULL,NULL,NULL,,
3638,SW2,187,2,1,NULL,NULL,NULL,2,NULL,NULL,NULL,,
3639,SW3,187,3,1,NULL,NULL,NULL,2,NULL,NULL,NULL,,
3640,SW4,187,4,1,NULL,NULL,NULL,2,NULL,NULL,NULL,,
3641,SW5,187,5,1,NULL,NULL,NULL,2,NULL,NULL,NULL,,
3642,SW6,187,6,1,NULL,NULL,NULL,2,NULL,NULL,NULL,,
3643,SW7,187,7,1,NULL,NULL,NULL,2,NULL,NULL,NULL,,
3644,SW8,187,8,1,NULL,NULL,NULL,2,NULL,NULL,NULL,,
3645,SW9,187,NULL,1,NULL,NULL,NULL,NULL,NULL,NULL,NULL,,
3782,T01,198,1,1,NULL,NULL,NULL,NULL,NULL,NULL,NULL,,
3783,T02,198,2,1,NULL,NULL,NULL,NULL,NULL,NULL,NULL,,
3784,T03,198,3,1,NULL,NULL,NULL,NULL,NULL,NULL,NULL,,
3785,T04,198,4,1,NULL,NULL,NULL,NULL,NULL,NULL,NULL,,
3786,T05,198,5,1,NULL,NULL,NULL,NULL,NULL,NULL,NULL,,
3787,T06,198,6,1,NULL,NULL,NULL,NULL,NULL,NULL,NULL,,
3788,T07,198,7,1,NULL,NULL,NULL,NULL,NULL,NULL,NULL,,
325,TM01,6,106,1,NULL,NULL,NULL,2,NULL,NULL,NULL,-37.998289,177.033477
326,TM02,6,107,1,NULL,NULL,NULL,2,NULL,NULL,NULL,-37.999273,177.031498
327,TM03,6,108,1,NULL,NULL,NULL,2,NULL,NULL,NULL,-37.999713,177.030243
328,TM04,6,109,1,NULL,NULL,NULL,2,NULL,NULL,NULL,-38.000599,177.028938
329,TM05,6,110,1,NULL,NULL,NULL,2,NULL,NULL,NULL,-38.001369,177.02878
330,TM06,6,111,1,NULL,NULL,NULL,2,NULL,NULL,NULL,-38.001988,177.027781
331,TM07,6,112,1,NULL,NULL,NULL,2,NULL,NULL,NULL,-38.002499,177.027715
332,TM08,6,113,1,NULL,NULL,NULL,2,NULL,NULL,NULL,-38.00344,177.026489
333,TM09,6,114,1,NULL,NULL,NULL,2,NULL,NULL,NULL,-38.003571,177.025238
334,TM10,6,115,1,NULL,NULL,NULL,2,NULL,NULL,NULL,-38.004551,177.02465
335,TM11,6,116,1,NULL,NULL,NULL,2,NULL,NULL,NULL,-38.005232,177.023623
336,TM12,6,117,1,NULL,NULL,NULL,2,NULL,NULL,NULL,-38.005481,177.022784
337,TM13,6,118,1,NULL,NULL,NULL,2,NULL,NULL,NULL,-38.006239,177.02194
338,TM14,6,119,1,NULL,NULL,NULL,2,NULL,NULL,NULL,-38.006908,177.020404
339,TM15,6,120,1,NULL,NULL,NULL,2,NULL,NULL,NULL,-38.005951,177.020265
340,TM16,6,121,1,NULL,NULL,NULL,2,NULL,NULL,NULL,-38.006774,177.019551
341,TM17,6,122,1,NULL,NULL,NULL,2,NULL,NULL,NULL,-38.008164,177.018211
342,TM18,6,123,1,NULL,NULL,NULL,2,NULL,NULL,NULL,-38.008236,177.016446
399,TN01,19,330,1,NULL,NULL,NULL,1,NULL,NULL,NULL,-37.989948,177.030834
400,TN02,19,331,1,NULL,NULL,NULL,1,NULL,NULL,NULL,-37.989362,177.029446
401,TN03,19,332,1,NULL,NULL,NULL,1,NULL,NULL,NULL,-37.990116,177.028334
402,TN04,19,333,1,NULL,NULL,NULL,1,NULL,NULL,NULL,-37.990894,177.027833
403,TN05,19,334,1,NULL,NULL,NULL,1,NULL,NULL,NULL,-37.991526,177.02707
404,TN06,19,335,1,NULL,NULL,NULL,1,NULL,NULL,NULL,-37.992083,177.026844
405,TN07,19,336,1,NULL,NULL,NULL,1,NULL,NULL,NULL,-37.993328,177.025823
406,TN08,19,337,1,NULL,NULL,NULL,1,NULL,NULL,NULL,-37.994038,177.025254
407,TN09,19,338,1,NULL,NULL,NULL,1,NULL,NULL,NULL,-37.994809,177.024082
408,TN10,19,339,1,NULL,NULL,NULL,1,NULL,NULL,NULL,-37.995768,177.023857
409,TN11,19,340,1,NULL,NULL,NULL,1,NULL,NULL,NULL,-37.996126,177.022749
410,TN12,19,341,1,NULL,NULL,NULL,1,NULL,NULL,NULL,-37.996324,177.021465
411,TN13,19,342,1,NULL,NULL,NULL,1,NULL,NULL,NULL,-37.996512,177.019889
262,TS01,3,60,1,NULL,NULL,NULL,2,NULL,NULL,NULL,-37.999738,177.034316
263,TS02,3,61,1,NULL,NULL,NULL,2,NULL,NULL,NULL,-38.00086,177.033953
264,TS03,3,62,1,NULL,NULL,NULL,2,NULL,NULL,NULL,-38.002175,177.032927
265,TS04,3,63,1,NULL,NULL,NULL,2,NULL,NULL,NULL,-38.002925,177.031962
266,TS05,3,64,1,NULL,NULL,NULL,2,NULL,NULL,NULL,-38.003799,177.031099
267,TS06,3,65,1,NULL,NULL,1053,2,NULL,NULL,NULL,-38.004422,177.030411
268,TS07,3,66,1,NULL,NULL,NULL,2,NULL,NULL,NULL,-38.00536,177.030166
269,TS08,3,67,1,NULL,NULL,NULL,2,NULL,NULL,NULL,-38.00636,177.029689
270,TS09,3,68,1,NULL,NULL,NULL,2,NULL,NULL,NULL,-38.007161,177.029526
271,TS10,3,69,1,NULL,NULL,NULL,2,NULL,NULL,NULL,-38.007947,177.02892
272,TS11,3,70,1,NULL,NULL,NULL,2,NULL,NULL,NULL,-38.008712,177.029055
273,TS12,3,71,1,NULL,NULL,NULL,2,NULL,NULL,NULL,-38.009743,177.028673
274,TS13,3,72,1,NULL,NULL,NULL,2,NULL,NULL,NULL,-38.009801,177.027278
275,TS14,3,73,1,NULL,NULL,NULL,2,NULL,NULL,NULL,-38.009979,177.026579
276,TS15,3,74,1,NULL,NULL,NULL,2,NULL,NULL,NULL,-38.010015,177.021957
277,TS16,3,75,1,NULL,NULL,NULL,2,NULL,NULL,NULL,-38.009948,177.021543
278,TS17,3,76,1,NULL,NULL,NULL,2,NULL,NULL,NULL,-38.009159,177.02158
279,TS18,3,77,1,NULL,NULL,NULL,2,NULL,NULL,NULL,-38.0084,177.021862
280,TS19,3,78,1,NULL,NULL,NULL,2,NULL,NULL,NULL,-38.007825,177.021423
281,TS20,3,79,1,NULL,NULL,NULL,2,NULL,NULL,NULL,-38.008441,177.020788
2256,TV1,132,823,1,NULL,NULL,NULL,1,NULL,NULL,NULL,,
3459,V1,184,1,1,NULL,NULL,NULL,NULL,NULL,NULL,NULL,-37.98394788,177.0332697
3460,V2,184,2,1,NULL,NULL,NULL,NULL,NULL,NULL,NULL,-37.98338974,177.0340471
3461,V3,184,3,1,NULL,NULL,NULL,NULL,NULL,NULL,NULL,-37.98239728,177.0343569
3462,V4,184,4,1,NULL,NULL,NULL,NULL,NULL,NULL,NULL,-37.98134385,177.0346063
3765,VC1,196,1,1,NULL,NULL,NULL,NULL,NULL,NULL,NULL,,
3766,VC2,196,2,1,NULL,NULL,NULL,NULL,NULL,NULL,NULL,,
3767,VC3,196,3,1,NULL,NULL,NULL,NULL,NULL,NULL,NULL,,
3768,VC4,196,4,1,NULL,NULL,NULL,NULL,NULL,NULL,NULL,,
3769,VC5,196,5,1,NULL,NULL,NULL,NULL,NULL,NULL,NULL,,
3770,VC6,196,6,1,NULL,NULL,NULL,NULL,NULL,NULL,NULL,,
98,WA01,12,217,1,NULL,NULL,NULL,1,NULL,NULL,NULL,-38.02911311,177.054237
99,WA02,12,218,1,NULL,NULL,NULL,1,NULL,NULL,NULL,-38.0295903,177.0530435
100,WA03,12,219,1,NULL,NULL,NULL,1,NULL,NULL,NULL,-38.02873157,177.0523352
139,WA04,12,220,1,NULL,NULL,NULL,1,NULL,NULL,NULL,-38.02760043,177.0517432
552,WA05,12,221,1,NULL,NULL,NULL,1,NULL,NULL,NULL,,
105,WB01,14,255,1,NULL,NULL,NULL,1,NULL,NULL,NULL,-38.02699702,177.0566259
106,WB02,14,256,1,NULL,NULL,NULL,1,NULL,NULL,NULL,-38.02848028,177.0553106
107,WB03,14,257,1,NULL,NULL,NULL,1,NULL,NULL,NULL,-38.02971284,177.0562907
108,WB04,14,258,1,NULL,NULL,NULL,1,NULL,NULL,NULL,-38.02943188,177.057371
109,WB05,14,259,1,NULL,NULL,NULL,1,NULL,NULL,NULL,-38.03027526,177.0601022
553,WB06,14,260,1,NULL,NULL,NULL,1,NULL,NULL,NULL,,
554,WB07,14,261,1,NULL,NULL,NULL,1,NULL,NULL,NULL,,
555,WB08,14,262,1,NULL,NULL,NULL,1,NULL,NULL,NULL,,
556,WB09,14,263,1,NULL,NULL,NULL,1,NULL,NULL,NULL,,
557,WB10,14,264,1,NULL,NULL,NULL,1,NULL,NULL,NULL,,
558,WB11,14,265,1,NULL,NULL,NULL,1,NULL,NULL,NULL,,
559,WB12,14,266,1,NULL,NULL,NULL,1,NULL,NULL,NULL,,
173,WE01,17,290,1,NULL,NULL,1052,1,NULL,NULL,NULL,-37.955189,177.023132
174,WE02,17,291,1,NULL,NULL,1052,1,NULL,NULL,NULL,-37.954684,177.023236
175,WE03,17,292,1,NULL,NULL,1052,1,NULL,NULL,NULL,-37.953708,177.024488
176,WE04,17,293,1,NULL,NULL,1052,1,NULL,NULL,NULL,-37.953423,177.023946
177,WE05,17,294,1,NULL,NULL,1052,1,NULL,NULL,NULL,-37.953054,177.022814
178,WE06,17,295,1,NULL,NULL,NULL,1,NULL,NULL,NULL,-37.95115,177.01939
179,WE07,17,296,1,NULL,NULL,NULL,1,NULL,NULL,NULL,-37.951637,177.01853
180,WE08,17,297,1,NULL,NULL,NULL,1,NULL,NULL,NULL,-37.95266,177.01825
181,WE09,17,298,1,NULL,NULL,NULL,1,NULL,NULL,NULL,-37.952853,177.017415
182,WE10,17,299,1,NULL,NULL,NULL,1,NULL,NULL,NULL,-37.953386,177.017753
183,WE11,17,300,1,NULL,NULL,NULL,1,NULL,NULL,NULL,-37.956815,177.020792
184,WE12,17,301,1,NULL,NULL,NULL,2,NULL,NULL,NULL,-37.958302,177.021333
185,WE13,17,302,1,NULL,NULL,NULL,2,NULL,NULL,NULL,-37.958756,177.022543
186,WE14,17,303,1,NULL,NULL,NULL,2,NULL,NULL,NULL,-37.959701,177.023529
187,WE15,17,304,1,NULL,NULL,NULL,2,NULL,NULL,NULL,-37.960686,177.024967
188,WE16,17,305,1,NULL,NULL,NULL,2,NULL,NULL,NULL,-37.961362,177.025549
189,WE17,17,306,1,NULL,NULL,NULL,1,NULL,NULL,NULL,-37.962453,177.02735
190,WE18,17,307,1,NULL,NULL,NULL,1,NULL,NULL,NULL,-37.963628,177.027933
1635,WHS01,111,10,1,NULL,NULL,NULL,1,NULL,NULL,NULL,,
1636,WHS02,111,9,1,NULL,NULL,NULL,1,NULL,NULL,NULL,,
1637,WHS03,111,8,1,NULL,NULL,NULL,1,NULL,NULL,NULL,,
1638,WHS04,111,7,1,NULL,NULL,NULL,1,NULL,NULL,NULL,,
1639,WHS05,111,6,1,NULL,NULL,NULL,1,NULL,NULL,NULL,,
1640,WHS06,111,5,1,NULL,NULL,NULL,1,NULL,NULL,NULL,,
1641,WHS07,111,4,1,NULL,NULL,NULL,1,NULL,NULL,NULL,,
1642,WHS08,111,3,1,NULL,NULL,NULL,1,NULL,NULL,NULL,,
1643,WHS09,111,2,1,NULL,NULL,NULL,1,NULL,NULL,NULL,,
1644,WHS10,111,1,1,NULL,NULL,NULL,1,NULL,NULL,NULL,,
502,WL01,24,399,1,NULL,NULL,NULL,1,NULL,NULL,NULL,-37.988605,177.019267
503,WL02,24,400,1,NULL,NULL,NULL,1,NULL,NULL,NULL,-37.987706,177.01893
504,WL03,24,401,1,NULL,NULL,NULL,1,NULL,NULL,NULL,-37.986837,177.018774
505,WL04,24,402,1,NULL,NULL,NULL,1,NULL,NULL,NULL,-37.985998,177.01827
506,WL05,24,403,1,NULL,NULL,NULL,1,NULL,NULL,NULL,-37.984868,177.018751
507,WL06,24,404,1,NULL,NULL,NULL,1,NULL,NULL,NULL,-37.984495,177.019235
508,WL07,24,405,1,NULL,NULL,NULL,1,NULL,NULL,NULL,-37.984015,177.020128
509,WL08,24,406,1,NULL,NULL,NULL,1,NULL,NULL,NULL,-37.984153,177.020672
510,WL09,24,407,1,NULL,NULL,NULL,1,NULL,NULL,NULL,-37.984097,177.021568
511,WL10,24,408,1,NULL,NULL,NULL,1,NULL,NULL,NULL,-37.983577,177.023124
512,Wl11,24,409,1,NULL,NULL,NULL,1,NULL,NULL,NULL,-37.983501,177.024011
513,WL12,24,410,1,NULL,NULL,NULL,1,NULL,NULL,NULL,-37.98316,177.02502
514,WL13,24,411,1,NULL,NULL,NULL,1,NULL,NULL,NULL,-37.983028,177.026136
515,WL14,24,412,1,NULL,NULL,NULL,1,NULL,NULL,NULL,-37.982508,177.025474
516,WL15,24,413,1,NULL,NULL,NULL,1,NULL,NULL,NULL,-37.982216,177.024336
517,WL16,24,414,1,NULL,NULL,NULL,1,NULL,NULL,NULL,-37.981766,177.023414
518,WL17,24,415,1,NULL,NULL,NULL,1,NULL,NULL,NULL,-37.981062,177.022676
519,WL18,24,416,1,NULL,NULL,NULL,1,NULL,NULL,NULL,-37.980279,177.020954
520,WL19,24,417,1,NULL,NULL,NULL,1,NULL,NULL,NULL,-37.979565,177.020553
521,WL20,24,418,1,NULL,NULL,NULL,1,NULL,NULL,NULL,-37.978834,177.019841
522,WL21,24,419,1,NULL,NULL,NULL,1,NULL,NULL,NULL,-37.978403,177.018943
767,WL22,24,420,1,NULL,NULL,NULL,1,NULL,NULL,NULL,,
101,WO01,13,222,1,NULL,NULL,NULL,1,NULL,NULL,NULL,-38.02564837,177.0558278
102,WO02,13,223,1,NULL,NULL,NULL,1,NULL,NULL,NULL,-38.02499148,177.0546966
103,WO03,13,224,1,NULL,NULL,NULL,1,NULL,NULL,NULL,-38.02490272,177.0536762
104,WO04,13,225,1,NULL,NULL,NULL,1,NULL,NULL,NULL,-38.02498922,177.0522023
110,WO05,13,226,1,NULL,NULL,NULL,1,NULL,NULL,NULL,-38.0253032,177.0508627
111,WO06,13,227,1,NULL,NULL,NULL,1,NULL,NULL,NULL,-38.02654054,177.050223
112,WO07,13,228,1,NULL,NULL,NULL,1,NULL,NULL,NULL,-38.02750999,177.0490168
113,WO08,13,229,1,NULL,NULL,NULL,1,NULL,NULL,NULL,-38.02818532,177.0474246
114,WO09,13,230,1,NULL,NULL,NULL,1,NULL,NULL,NULL,-38.02857793,177.0459811
115,WO10,13,231,1,NULL,NULL,NULL,1,NULL,NULL,NULL,-38.02943422,177.0444995
116,WO11,13,232,1,NULL,NULL,NULL,1,NULL,NULL,NULL,-38.03040334,177.0438682
117,WO12,13,233,1,NULL,NULL,NULL,1,NULL,NULL,NULL,-38.03161712,177.0426818
118,WO13,13,234,1,NULL,NULL,NULL,1,NULL,NULL,NULL,-38.03434979,177.0411712
119,WO14,13,235,1,NULL,NULL,NULL,1,NULL,NULL,NULL,-38.03569945,177.0410505
120,WO15,13,236,1,NULL,NULL,NULL,1,NULL,NULL,NULL,-38.03723828,177.0413893
121,WO16,13,237,1,NULL,NULL,NULL,1,NULL,NULL,NULL,-38.03727625,177.0428502
122,WO17,13,238,1,NULL,NULL,NULL,1,NULL,NULL,NULL,-38.03729896,177.0444089
123,WO18,13,239,1,NULL,NULL,NULL,1,NULL,NULL,NULL,-38.03634577,177.0443631
124,WO19,13,240,1,NULL,NULL,NULL,1,NULL,NULL,NULL,-38.0361255,177.0451159
125,WO20,13,241,1,NULL,NULL,NULL,1,NULL,NULL,NULL,-38.03588393,177.0466979
126,WO21,13,242,1,NULL,NULL,NULL,1,NULL,NULL,NULL,-38.03529577,177.0476952
127,WO22,13,243,1,NULL,NULL,NULL,1,NULL,NULL,NULL,-38.03448734,177.0489477
128,WO23,13,244,1,NULL,NULL,NULL,1,NULL,NULL,NULL,-38.03433328,177.0495966
129,WO24,13,245,1,NULL,NULL,NULL,1,NULL,NULL,NULL,-38.03575066,177.0492695
130,WO25,13,246,1,NULL,NULL,NULL,1,NULL,NULL,NULL,-38.03623857,177.0497302
131,WO26,13,247,1,NULL,NULL,NULL,1,NULL,NULL,NULL,-38.03650268,177.0503268
132,WO27,13,248,1,NULL,NULL,NULL,1,NULL,NULL,NULL,-38.03548328,177.0516356
133,WO28,13,249,1,NULL,NULL,NULL,1,NULL,NULL,NULL,-38.03524867,177.0533122
134,WO29,13,250,1,NULL,NULL,NULL,1,NULL,NULL,NULL,-38.03441458,177.0545111
135,WO30,13,251,1,NULL,NULL,NULL,1,NULL,NULL,NULL,-38.03317834,177.0547695
136,WO31,13,252,1,NULL,NULL,NULL,1,NULL,NULL,NULL,-38.03208156,177.0555709
137,WO32,13,253,1,NULL,NULL,NULL,1,NULL,NULL,NULL,-38.03115218,177.0566323
138,WO33,13,254,1,NULL,NULL,NULL,1,NULL,NULL,NULL,-38.03059294,177.0571378
442,WS01,21,393,1,NULL,NULL,NULL,1,NULL,NULL,NULL,-37.98486,177.028795
441,WS02,21,392,1,NULL,NULL,NULL,1,NULL,NULL,NULL,-37.984569,177.027955
440,WS03,21,391,1,NULL,NULL,1051,1,NULL,NULL,NULL,-37.984775,177.027003
439,WS04,21,390,1,NULL,NULL,NULL,1,NULL,NULL,NULL,-37.985561,177.026416
438,WS05,21,389,1,NULL,NULL,NULL,1,NULL,NULL,NULL,-37.985571,177.02557
437,WS06,21,388,1,NULL,NULL,NULL,1,NULL,NULL,NULL,-37.985187,177.024494
436,WS07,21,387,1,NULL,NULL,NULL,1,NULL,NULL,NULL,-37.985457,177.023486
435,WS08,21,386,1,NULL,NULL,NULL,1,NULL,NULL,NULL,-37.986192,177.023097
434,WS09,21,385,1,NULL,NULL,NULL,1,NULL,NULL,NULL,-37.987148,177.022781
433,WS10,21,384,1,NULL,NULL,NULL,1,NULL,NULL,NULL,-37.987271,177.021781
432,WS11,21,383,1,NULL,NULL,NULL,1,NULL,NULL,NULL,-37.987851,177.021562
431,WS12,21,382,1,NULL,NULL,NULL,1,NULL,NULL,NULL,-37.98849,177.020939
430,WS13,21,381,1,NULL,NULL,NULL,1,NULL,NULL,NULL,-37.989006,177.021611
429,WS14,21,380,1,NULL,NULL,NULL,1,NULL,NULL,NULL,-37.989847,177.022813
428,WS15,21,394,1,NULL,NULL,NULL,1,NULL,NULL,NULL,,
427,WS16,21,395,1,NULL,NULL,NULL,1,NULL,NULL,NULL,,
425,WS18,21,396,1,NULL,NULL,NULL,1,NULL,NULL,NULL,,
424,WS19,21,397,1,NULL,NULL,NULL,1,NULL,NULL,NULL,,
423,WS20,21,398,1,NULL,NULL,NULL,1,NULL,NULL,NULL,,
3463,X1,185,1,1,NULL,NULL,NULL,NULL,NULL,NULL,NULL,-37.98261319,177.0375096
3464,X2,185,2,1,NULL,NULL,NULL,NULL,NULL,NULL,NULL,-37.9820468,177.0377403
3465,X3,185,3,1,NULL,NULL,NULL,NULL,NULL,NULL,NULL,-37.98097774,177.0387058
3466,X4,185,4,1,NULL,NULL,NULL,NULL,NULL,NULL,NULL,-37.98037848,177.0377967
3646,XM01,188,1,1,NULL,NULL,NULL,NULL,NULL,NULL,NULL,,
3647,XM02,188,2,1,NULL,NULL,NULL,NULL,NULL,NULL,NULL,,
3648,XM03,188,3,1,NULL,NULL,NULL,NULL,NULL,NULL,NULL,,
3649,XM04,188,4,1,NULL,NULL,NULL,NULL,NULL,NULL,NULL,,
3650,XM05,188,5,1,NULL,NULL,NULL,NULL,NULL,NULL,NULL,,
3651,XM06,188,6,1,NULL,NULL,NULL,NULL,NULL,NULL,NULL,,
3652,XM07,188,7,1,NULL,NULL,NULL,NULL,NULL,NULL,NULL,,
3653,XM08,188,8,1,NULL,NULL,NULL,NULL,NULL,NULL,NULL,,
3654,XM09,188,9,1,NULL,NULL,NULL,NULL,NULL,NULL,NULL,,
3655,XM10,188,10,1,NULL,NULL,NULL,NULL,NULL,NULL,NULL,,
3656,XM11,188,11,1,NULL,NULL,NULL,NULL,NULL,NULL,NULL,,
3657,XM12,188,12,1,NULL,NULL,NULL,NULL,NULL,NULL,NULL,,
3658,XM13,188,13,1,NULL,NULL,NULL,NULL,NULL,NULL,NULL,,
